,State,District,Name,Party,Incumbent,Winner,Vote Percentage,Raised,Spent,Total_Spent_Per_District,Percent_Spent,STATEFP20
0,AL,1,Jerry Carl,R,False,1,64.9,1971321.0,1859349.0,1938322.0,95.92570274701521,01
1,AL,1,James Averhart,D,False,0,35.0,80095.0,78973.0,1938322.0,4.074297252984798,01
2,AL,2,Barry Moore,R,False,1,65.3,650807.0,669368.0,725356.0,92.28130738561478,01
3,AL,2,Phyllis Harvey-Hall,D,False,0,34.6,56050.0,55988.0,725356.0,7.718692614385213,01
4,AL,3,Mike D Rogers,R,True,1,67.5,1193111.0,1218564.0,1259535.0,96.7471328704641,01
5,AL,3,Adia Winfrey,D,False,0,32.4,50273.0,40971.0,1259535.0,3.2528671295359004,01
6,AL,4,Robert B Aderholt,R,True,1,82.5,1255076.0,1323812.0,1323812.0,100.0,01
7,AL,5,Mo Brooks,R,True,1,95.8,655365.0,210045.0,210045.0,100.0,01
8,AL,6,Gary Palmer,R,True,1,97.1,907219.0,909082.0,909082.0,100.0,01
9,AL,7,Terri Sewell,D,True,1,97.2,2168165.0,1495957.0,1495957.0,100.0,01
10,AK,1,Don Young,R,True,1,54.4,1922901.0,1790448.0,6878551.0,26.029435559902076,02
11,AK,1,Alyse Galvin,I,False,0,45.3,5178452.0,5088103.0,6878551.0,73.97056444009792,02
12,AZ,1,Tom O'Halleran,D,True,1,51.6,3381353.0,3324138.0,4939842.0,67.29239518187019,04
13,AZ,1,Tiffany Shedd,R,False,0,48.4,1675618.0,1615704.0,4939842.0,32.70760481812981,04
14,AZ,2,Ann Kirkpatrick,D,True,1,55.1,1849862.0,1384765.0,1765832.0,78.4199742670877,04
15,AZ,2,Brandon Martin,R,False,0,44.9,374821.0,381067.0,1765832.0,21.580025732912304,04
16,AZ,3,Raul M Grijalva,D,True,1,64.6,843560.0,655507.0,697469.0,93.9836752601191,04
17,AZ,3,Daniel Wood,R,False,0,35.4,41422.0,41962.0,697469.0,6.016324739880912,04
18,AZ,4,Paul Gosar,R,True,1,69.8,622151.0,729892.0,809650.0,90.14907676156363,04
19,AZ,4,Delina DiSanto,D,False,0,30.2,77168.0,79758.0,809650.0,9.850923238436362,04
20,AZ,5,Andy Biggs,R,True,1,58.9,1602181.0,1236380.0,1446169.0,85.49346583974625,04
21,AZ,5,Joan Greene,D,False,0,41.1,356069.0,209789.0,1446169.0,14.506534160253745,04
22,AZ,6,David Schweikert,R,True,1,52.2,2265329.0,2249979.0,8616681.0,26.111898537267425,04
23,AZ,6,Hiral Tipirneni,D,False,0,47.8,6301073.0,6366702.0,8616681.0,73.88810146273258,04
24,AZ,7,Ruben Gallego,D,True,1,76.7,1811754.0,1653961.0,1671844.0,98.93034278317833,04
25,AZ,7,Josh Barnett,R,False,0,23.3,28093.0,17883.0,1671844.0,1.0696572168216651,04
26,AZ,8,Debbie Lesko,R,True,1,59.6,1605245.0,987453.0,1335187.0,73.95615745210222,04
27,AZ,8,Michael Muscato,D,False,0,40.4,357906.0,347734.0,1335187.0,26.043842547897782,04
28,AZ,9,Greg Stanton,D,True,1,61.6,2001619.0,1001350.0,1131285.0,88.51438850510702,04
29,AZ,9,Dave Giles,R,False,0,38.4,130480.0,129935.0,1131285.0,11.485611494892977,04
30,AR,1,Rick Crawford,R,True,1,100.0,966801.0,1095518.0,1095518.0,100.0,05
31,AR,2,French Hill,R,True,1,55.4,3384490.0,3020491.0,6499224.0,46.47464066479321,05
32,AR,2,Joyce Elliott,D,False,0,44.6,3482463.0,3478733.0,6499224.0,53.52535933520679,05
33,AR,3,Steve Womack,R,True,1,64.3,1127158.0,923120.0,1278414.0,72.20822049821106,05
34,AR,3,Celeste Williams,D,False,0,31.8,355294.0,355294.0,1278414.0,27.791779501788938,05
35,AR,4,Bruce Westerman,R,True,1,69.7,1407770.0,1102573.0,1214256.0,90.80235139871658,05
36,AR,4,William Hanson,D,False,0,27.5,109767.0,111683.0,1214256.0,9.19764860128342,05
37,CA,1,Doug LaMalfa,R,True,1,56.9,1219556.0,1155945.0,3613606.0,31.988683879758888,06
38,CA,1,Audrey Denney,D,False,0,43.1,2461769.0,2457661.0,3613606.0,68.01131612024112,06
39,CA,2,Jared Huffman,D,True,1,75.7,899419.0,797753.0,799950.0,99.72535783486468,06
40,CA,2,Dale Mensing,R,False,0,24.3,5921.0,2197.0,799950.0,0.2746421651353209,06
41,CA,3,John Garamendi,D,True,1,54.7,1054066.0,667320.0,1051904.0,63.439249209053294,06
42,CA,3,Tamika Hamilton,R,False,0,45.3,397099.0,384584.0,1051904.0,36.5607507909467,06
43,CA,4,Tom McClintock,R,True,1,55.9,2053363.0,2107248.0,5109780.0,41.23950541901999,06
44,CA,4,Brynne Kennedy,D,False,0,44.1,3006020.0,3002532.0,5109780.0,58.76049458098001,06
45,CA,5,Mike Thompson,D,True,1,76.8,2208136.0,2022751.0,2022751.0,100.0,06
46,CA,6,Doris Matsui,D,True,1,73.4,1019605.0,1073529.0,1118083.0,96.01514377734031,06
47,CA,6,Chris Bish,R,False,0,26.6,44772.0,44554.0,1118083.0,3.984856222659677,06
48,CA,7,Ami Bera,D,True,1,56.6,1757748.0,1053444.0,1083058.0,97.26570506842663,06
49,CA,7,Buzz Patterson,R,False,0,43.4,43876.0,29614.0,1083058.0,2.7342949315733787,06
50,CA,8,Jay Obernolte,R,False,1,56.1,1861647.0,1792064.0,3648677.0,49.115446502937914,06
51,CA,8,Chris Bubser,D,False,0,43.9,1858001.0,1856613.0,3648677.0,50.88455349706209,06
52,CA,9,Jerry McNerney,D,True,1,57.6,1177959.0,1112543.0,1164718.0,95.52037488902894,06
53,CA,9,Tony Amador,R,False,0,42.4,52175.0,52175.0,1164718.0,4.479625110971067,06
54,CA,10,Josh Harder,D,True,1,55.2,7400135.0,3950613.0,5672495.0,69.6450679991785,06
55,CA,10,Ted Howze,R,False,0,44.8,1426552.0,1721882.0,5672495.0,30.35493200082151,06
56,CA,11,Mark Desaulnier,D,True,1,73.0,610394.0,440537.0,612407.0,71.93533058897106,06
57,CA,11,Nisha Sharma,R,False,0,27.0,174954.0,171870.0,612407.0,28.06466941102894,06
58,CA,12,Nancy Pelosi,D,True,1,77.6,27359508.0,22064953.0,23715420.0,93.04053227815488,06
59,CA,12,Shahid Buttar,D,False,0,22.4,1672876.0,1650467.0,23715420.0,6.959467721845111,06
60,CA,13,Barbara Lee,D,True,1,90.4,1828213.0,1750142.0,1760046.0,99.43728743453296,06
61,CA,13,Nikka Piterman,R,False,0,9.6,9839.0,9904.0,1760046.0,0.562712565467039,06
62,CA,14,Jackie Speier,D,True,1,79.3,942934.0,919599.0,919599.0,100.0,06
63,CA,15,Eric Swalwell,D,True,1,70.9,2807774.0,3977839.0,3977839.0,100.0,06
64,CA,16,Jim Costa,D,True,1,59.3,2135525.0,1835244.0,2100608.0,87.3672765218451,06
65,CA,16,Kevin Cookingham,R,False,0,40.7,265364.0,265364.0,2100608.0,12.632723478154897,06
66,CA,17,Ro Khanna,D,True,1,71.3,3837982.0,2455457.0,2630472.0,93.34663132700139,06
67,CA,17,Ritesh Tandon,R,False,0,28.7,175536.0,175015.0,2630472.0,6.653368672998611,06
68,CA,18,Anna Eshoo,D,True,1,63.2,2114909.0,2059158.0,2751096.0,74.84864214116847,06
69,CA,18,Rishi Kumar,D,False,0,36.8,674383.0,691938.0,2751096.0,25.151357858831535,06
70,CA,19,Zoe Lofgren,D,True,1,71.7,1755555.0,1731700.0,1743242.0,99.33790030299866,06
71,CA,19,Justin Aguilera,R,False,0,28.3,9112.0,11542.0,1743242.0,0.6620996970013343,06
72,CA,20,Jimmy Panetta,D,True,1,76.8,2009894.0,1592671.0,1657618.0,96.08190789433995,06
73,CA,20,Jeff Gorman,R,False,0,23.2,67634.0,64947.0,1657618.0,3.9180921056600497,06
74,CA,21,TJ Cox,D,True,0,49.6,5695157.0,5694005.0,9676592.0,58.84308235792105,06
75,CA,21,David Valadao,R,False,1,50.4,4067880.0,3982587.0,9676592.0,41.15691764207895,06
76,CA,22,Devin Nunes,R,True,1,54.2,26825212.0,20156093.0,25218278.0,79.92652392839828,06
77,CA,22,Phil Arballo,D,False,0,45.8,5091451.0,5062185.0,25218278.0,20.073476071601718,06
78,CA,23,Kevin McCarthy,R,True,1,62.1,27780644.0,24265583.0,25930956.0,93.5776644717611,06
79,CA,23,Kim Mangone,D,False,0,37.9,1671101.0,1665373.0,25930956.0,6.4223355282389125,06
80,CA,24,Salud Carbajal,D,True,1,58.7,2117836.0,1451622.0,2719821.0,53.37196822879152,06
81,CA,24,Andy Caldwell,R,False,0,41.3,1298798.0,1268199.0,2719821.0,46.62803177120847,06
82,CA,25,Mike Garcia,R,True,1,50.0,9962507.0,9584648.0,15393125.0,62.26577124527996,06
83,CA,25,Christy Smith,D,False,0,50.0,5977734.0,5808477.0,15393125.0,37.73422875472004,06
84,CA,26,Julia Brownley,D,True,1,60.6,1976695.0,1314677.0,1381885.0,95.13649833379768,06
85,CA,26,Ronda Kennedy,R,False,0,39.4,246226.0,67208.0,1381885.0,4.863501666202326,06
86,CA,27,Judy Chu,D,True,1,69.8,1213706.0,956298.0,995457.0,96.0662288777918,06
87,CA,27,Johnny Nalbandian,R,False,0,30.2,39584.0,39159.0,995457.0,3.933771122208192,06
88,CA,28,Adam Schiff,D,True,1,72.7,19382855.0,10188664.0,13978691.0,72.8871108174578,06
89,CA,28,Eric Early,R,False,0,27.3,4085322.0,3790027.0,13978691.0,27.112889182542197,06
90,CA,29,Tony Cardenas,D,True,1,56.6,1419697.0,1213588.0,1213588.0,100.0,06
91,CA,30,Brad Sherman,D,True,1,69.5,1513374.0,1111826.0,1111826.0,100.0,06
92,CA,31,Pete Aguilar,D,True,1,61.3,2475748.0,1861434.0,1989341.0,93.57038335810704,06
93,CA,31,Agnes Gibboney,R,False,0,38.7,138687.0,127907.0,1989341.0,6.429616641892968,06
94,CA,32,Grace Napolitano,D,True,1,66.6,478426.0,251047.0,265295.0,94.62937484686859,06
95,CA,32,Joshua Scott,R,False,0,33.4,23624.0,14248.0,265295.0,5.37062515313142,06
96,CA,33,Ted Lieu,D,True,1,67.6,1661436.0,1582573.0,1661608.0,95.24346295877247,06
97,CA,33,James Bradley,R,False,0,32.4,78910.0,79035.0,1661608.0,4.756537041227534,06
98,CA,34,Jimmy Gomez,D,True,1,53.0,1401166.0,1268312.0,1348693.0,94.04008176805247,06
99,CA,34,David Kim,D,False,0,47.0,193430.0,80381.0,1348693.0,5.959918231947523,06
100,CA,35,Norma Torres,D,True,1,69.3,654727.0,664600.0,700515.0,94.8730576789933,06
101,CA,35,Mike Cargile,R,False,0,30.7,36113.0,35915.0,700515.0,5.1269423210066885,06
102,CA,36,Raul Ruiz,D,True,1,60.3,2402624.0,1732443.0,1786283.0,96.98591992422253,06
103,CA,36,Erin Cruz,R,False,0,39.7,54217.0,53840.0,1786283.0,3.0140800757774664,06
104,CA,37,Karen Bass,D,True,1,85.9,2216467.0,1202942.0,1377018.0,87.35848042654489,06
105,CA,37,Errol Webber,R,False,0,14.1,66398.0,174076.0,1377018.0,12.641519573455104,06
106,CA,38,Linda Sanchez,D,True,1,74.3,1246008.0,1140165.0,1140165.0,100.0,06
107,CA,39,Gil Cisneros,D,True,0,49.4,4370133.0,4350464.0,10372115.0,41.943846553957414,06
108,CA,39,Young Kim,R,False,1,50.6,6424556.0,6021651.0,10372115.0,58.05615344604259,06
109,CA,40,Lucille Roybal-Allard,D,True,1,72.7,739790.0,741379.0,820649.0,90.34057191320528,06
110,CA,40,Antonio Delgado,R,False,0,27.3,85014.0,79270.0,820649.0,9.65942808679472,06
111,CA,41,Mark Takano,D,True,1,64.0,1020456.0,949494.0,1609403.0,58.996659009583055,06
112,CA,41,Aja Smith,R,False,0,36.0,660658.0,659909.0,1609403.0,41.003340990416945,06
113,CA,42,Ken Calvert,R,True,1,57.1,1441812.0,1549113.0,1677895.0,92.32478790389148,06
114,CA,42,Liam O'Mara,D,False,0,42.9,130065.0,128782.0,1677895.0,7.675212096108516,06
115,CA,43,Maxine Waters,D,True,1,71.7,1836660.0,1906957.0,11828060.0,16.12231422566338,06
116,CA,43,Joe Collins,R,False,0,28.3,10556626.0,9921103.0,11828060.0,83.87768577433661,06
117,CA,44,Nanette Barragan,D,True,1,67.8,1173909.0,714023.0,714023.0,100.0,06
118,CA,45,Katie Porter,D,True,1,53.5,16627706.0,6443700.0,7685413.0,83.84324954299788,06
119,CA,45,Greg Raths,R,False,0,46.5,1245767.0,1241713.0,7685413.0,16.156750457002115,06
120,CA,46,Lou Correa,D,True,1,68.8,1192715.0,650707.0,650707.0,100.0,06
121,CA,47,Alan Lowenthal,D,True,1,63.3,678648.0,854902.0,876440.0,97.54255853224409,06
122,CA,47,John Briscoe,R,False,0,36.7,25302.0,21538.0,876440.0,2.4574414677559218,06
123,CA,48,Harley Rouda,D,True,0,48.9,5968858.0,6174443.0,12323034.0,50.104892999564875,06
124,CA,48,Michelle Steel,R,False,1,51.1,6305665.0,6148591.0,12323034.0,49.89510700043512,06
125,CA,49,Mike Levin,D,True,1,53.1,3845768.0,2901566.0,5709783.0,50.81744787849205,06
126,CA,49,Brian Maryott,R,False,0,46.9,2810253.0,2808217.0,5709783.0,49.182552121507946,06
127,CA,50,Darrell Issa,R,False,1,54.0,11239670.0,10947106.0,17194868.0,63.66496096393413,06
128,CA,50,Ammar Campa-Najjar,D,False,0,46.0,6248210.0,6247762.0,17194868.0,36.33503903606587,06
129,CA,51,Juan Vargas,D,True,1,68.3,799734.0,801671.0,882853.0,90.80458468170805,06
130,CA,51,Juan Hidalgo,R,False,0,31.7,83730.0,81182.0,882853.0,9.195415318291946,06
131,CA,52,Scott Peters,D,True,1,61.6,1911791.0,2131849.0,2356479.0,90.46755774186826,06
132,CA,52,James Debello,R,False,0,38.4,233464.0,224630.0,2356479.0,9.532442258131729,06
133,CA,53,Sara Jacobs,D,False,1,59.5,7678363.0,7586186.0,9249438.0,82.017804757435,06
134,CA,53,Georgette Gomez,D,False,0,40.5,1691794.0,1663252.0,9249438.0,17.98219524256501,06
135,CO,1,Diana DeGette,D,True,1,73.7,1201026.0,1077130.0,1077130.0,100.0,08
136,CO,2,Joseph Neguse,D,True,1,61.5,1353325.0,674602.0,772940.0,87.277408336999,08
137,CO,2,Charles Winn,R,False,0,35.4,98338.0,98338.0,772940.0,12.72259166300101,08
138,CO,3,Diane Mitsch Bush,D,False,0,45.2,5008274.0,4984238.0,7616954.0,65.4361047736405,08
139,CO,3,Lauren Boebert,R,False,1,51.4,2989510.0,2632716.0,7616954.0,34.56389522635951,08
140,CO,4,Ken Buck,R,True,1,60.1,478984.0,539393.0,756791.0,71.27370700761504,08
141,CO,4,Ike McCorkle,D,False,0,36.1,369871.0,217398.0,756791.0,28.72629299238495,08
142,CO,5,Doug Lamborn,R,True,1,57.6,540712.0,329011.0,504559.0,65.20763676794982,08
143,CO,5,Jillian Freeland,D,False,0,37.4,185255.0,175548.0,504559.0,34.792363232050164,08
144,CO,6,Jason Crow,D,True,1,57.1,4136137.0,2892443.0,4090487.0,70.71145807332965,08
145,CO,6,Steven House,R,False,0,40.0,1200056.0,1198044.0,4090487.0,29.288541926670348,08
146,CO,7,Ed Perlmutter,D,True,1,59.1,1632262.0,1339482.0,1487354.0,90.0580493951003,08
147,CO,7,Casper Stockham,R,False,0,37.6,147872.0,147872.0,1487354.0,9.941950604899707,08
148,CT,1,John Larson,D,True,1,63.7,1377238.0,1323690.0,1348808.0,98.13776312121517,09
149,CT,1,Mary Fay,R,False,0,35.0,26836.0,25118.0,1348808.0,1.8622368787848236,09
150,CT,2,Joe Courtney,D,True,1,59.4,964731.0,999360.0,1078127.0,92.69408891531332,09
151,CT,2,Justin Anderson,R,False,0,38.2,80227.0,78767.0,1078127.0,7.3059110846866835,09
152,CT,3,Rosa DeLauro,D,True,1,58.7,1938999.0,1795635.0,3631020.0,49.4526331444057,09
153,CT,3,Margaret Streicker,R,False,0,39.8,1839080.0,1835385.0,3631020.0,50.5473668555943,09
154,CT,4,Jim Himes,D,True,1,62.3,1612935.0,2180029.0,2197414.0,99.20884275789633,09
155,CT,4,Jonathan Riddle,R,False,0,36.2,31591.0,17385.0,2197414.0,0.7911572421036729,09
156,CT,5,Jahana Hayes,D,True,1,55.1,2037826.0,1564685.0,1962055.0,79.74725479153236,09
157,CT,5,David Sullivan,R,False,0,43.5,397395.0,397370.0,1962055.0,20.25274520846765,09
158,DE,1,Lisa Blunt Rochester,D,True,1,57.6,2024201.0,1305618.0,1442583.0,90.50557229636007,10
159,DE,1,Lee Murphy,R,False,0,40.2,131394.0,131862.0,1442583.0,9.140687225622374,10
160,DE,1,Catherine Purcell,I,False,0,1.4,5344.0,5103.0,1442583.0,0.353740478017556,10
161,FL,1,Matt Gaetz,R,True,1,64.6,5946646.0,4482782.0,6390303.0,70.14975659213655,12
162,FL,1,Phil Ehr,D,False,0,34.0,2025099.0,1900451.0,6390303.0,29.739607026458682,12
163,FL,1,Bert Oram,I,False,0,1.4,8108.0,7070.0,6390303.0,0.11063638140476281,12
164,FL,2,Neal Dunn,R,True,1,98.0,653488.0,637580.0,637580.0,100.0,12
165,FL,3,Kat Cammack,R,False,1,57.1,1122188.0,1090334.0,1309442.0,83.26707101192721,12
166,FL,3,Adam Christensen,D,False,0,42.9,216021.0,219108.0,1309442.0,16.732928988072782,12
167,FL,4,John Rutherford,R,True,1,61.1,1024912.0,1283701.0,2296858.0,55.889436787123984,12
168,FL,4,Donna Deegan,D,False,0,38.9,1013157.0,1013157.0,2296858.0,44.11056321287602,12
169,FL,5,Al Lawson,D,True,1,65.1,848498.0,695779.0,842688.0,82.566620148857,12
170,FL,5,Gary Adler,R,False,0,34.9,146909.0,146909.0,842688.0,17.43337985114301,12
171,FL,6,Michael Waltz,R,True,1,60.6,2549667.0,1716768.0,1739019.0,98.72048551510937,12
172,FL,6,Clint Curtis,D,False,0,39.4,24310.0,22251.0,1739019.0,1.2795144848906193,12
173,FL,7,Stephanie Murphy,D,True,1,55.3,3124692.0,1798549.0,2829865.0,63.55600002120243,12
174,FL,7,Leo Valentin,R,False,0,43.2,1045426.0,1031316.0,2829865.0,36.44399997879758,12
175,FL,7,Bill Garlington,I,False,0,1.4,11000.0,0.0,2829865.0,0.0,12
176,FL,8,Bill Posey,R,True,1,61.4,985268.0,1121834.0,1260624.0,88.99037302161469,12
177,FL,8,James Kennedy,D,False,0,38.6,138568.0,138790.0,1260624.0,11.009626978385308,12
178,FL,9,Darren Soto,D,True,1,56.0,1111750.0,945868.0,1346956.0,70.22263533478451,12
179,FL,9,William Olson,R,False,0,44.0,404406.0,401088.0,1346956.0,29.777364665215494,12
180,FL,10,Val Demings,D,True,1,63.6,1876047.0,1191020.0,1523872.0,78.15748304319523,12
181,FL,10,Vennia Francois,R,False,0,36.4,335480.0,332852.0,1523872.0,21.842516956804772,12
182,FL,11,Daniel Webster,R,True,1,66.7,691261.0,586965.0,649345.0,90.39339642254888,12
183,FL,11,Dana Cottrell,D,False,0,33.3,62658.0,62380.0,649345.0,9.606603577451125,12
184,FL,12,Gus Bilirakis,R,True,1,62.9,1604137.0,1548634.0,1582178.0,97.87988456418937,12
185,FL,12,Kim Walker,D,False,0,37.1,42802.0,33544.0,1582178.0,2.1201154358106358,12
186,FL,13,Charlie Crist,D,True,1,53.0,2720646.0,3980695.0,7242931.0,54.95972555861709,12
187,FL,13,Anna Paulina Luna,R,False,0,47.0,3302944.0,3262236.0,7242931.0,45.04027444138291,12
188,FL,14,Kathy Castor,D,True,1,60.3,884651.0,1201653.0,1442840.0,83.28387069945386,12
189,FL,14,Christine Quinn,R,False,0,39.7,242144.0,241187.0,1442840.0,16.716129300546147,12
190,FL,15,Alan Cohn,D,False,0,44.6,2333053.0,2300197.0,3938614.0,58.40117868874686,12
191,FL,15,Scott Franklin,R,False,1,55.4,1663898.0,1638417.0,3938614.0,41.59882131125315,12
192,FL,16,Vernon Buchanan,R,True,1,55.5,3094611.0,3100766.0,6508611.0,47.640979004583315,12
193,FL,16,Margaret Good,D,False,0,44.5,3411924.0,3407845.0,6508611.0,52.359020995416685,12
194,FL,17,Greg Steube,R,True,1,64.6,759908.0,621200.0,699443.0,88.81352733532253,12
195,FL,17,Allen Ellison,D,False,0,34.1,83481.0,78243.0,699443.0,11.186472664677465,12
196,FL,18,Brian Mast,R,True,1,56.4,6128177.0,5301307.0,6934043.0,76.45333321411478,12
197,FL,18,Pam Keith,D,False,0,41.5,1639873.0,1632736.0,6934043.0,23.546666785885233,12
198,FL,19,Byron Donalds,R,False,1,61.3,3219579.0,2738685.0,2942115.0,93.08558638938315,12
199,FL,19,Cindy Banyai,D,False,0,38.7,214750.0,203430.0,2942115.0,6.914413610616853,12
200,FL,20,Alcee Hastings,D,True,1,78.7,607649.0,543316.0,570854.0,95.17599946746454,12
201,FL,20,Greg Musselwhite,R,False,0,21.3,28955.0,27538.0,570854.0,4.8240005325354645,12
202,FL,21,Lois Frankel,D,True,1,59.0,1534882.0,1309786.0,3579111.0,36.59528860658415,12
203,FL,21,Laura Loomer,R,False,0,39.1,2271604.0,2240689.0,3579111.0,62.60462444445003,12
204,FL,21,Charleston Malkemus,I,False,0,1.9,28928.0,28636.0,3579111.0,0.8000869489658187,12
205,FL,22,Ted Deutch,D,True,1,58.6,1364438.0,1265494.0,1543910.0,81.9668244910649,12
206,FL,22,Jim Pruden,R,False,0,41.4,278416.0,278416.0,1543910.0,18.033175508935106,12
207,FL,23,Debbie Wasserman Schultz,D,True,1,58.2,2191922.0,1979903.0,2883464.0,68.66404435775858,12
208,FL,23,Carla Spalding,R,False,0,41.8,919579.0,903561.0,2883464.0,31.335955642241416,12
209,FL,24,Frederica Wilson,D,True,1,75.6,412592.0,321019.0,388826.0,82.56109416551362,12
210,FL,24,Lavern Spicer,R,False,0,20.4,34973.0,34909.0,388826.0,8.978051879246758,12
211,FL,24,Christine Olivo,I,False,0,4.0,31646.0,32898.0,388826.0,8.460853955239617,12
212,FL,25,Mario Diaz-Balart,R,True,1,100.0,1590134.0,804054.0,804054.0,100.0,12
213,FL,26,Debbie Mucarsel-Powell,D,True,0,48.3,6793521.0,6822740.0,9010129.0,75.72300019233909,12
214,FL,26,Carlos Gimenez,R,False,1,51.7,2226559.0,2187389.0,9010129.0,24.27699980766091,12
215,FL,27,Donna Shalala,D,True,0,48.6,3842907.0,3735966.0,7381780.0,50.61063862645595,12
216,FL,27,Maria Salazar,R,False,1,51.4,3654190.0,3645814.0,7381780.0,49.38936137354405,12
217,GA,1,Buddy Carter,R,True,1,58.4,2315487.0,1734754.0,1859754.0,93.27868094382376,13
218,GA,1,Joyce Griggs,D,False,0,41.7,130043.0,125000.0,1859754.0,6.721319056176248,13
219,GA,2,Sanford Bishop,D,True,1,59.1,1540683.0,1440571.0,1603093.0,89.86197307330266,13
220,GA,2,Don Cole,R,False,0,40.9,164274.0,162522.0,1603093.0,10.138026926697329,13
221,GA,3,Drew Ferguson,R,True,1,65.0,2374212.0,2150911.0,2182857.0,98.53650513982363,13
222,GA,3,Val Almonord,D,False,0,35.0,35762.0,31946.0,2182857.0,1.463494860176365,13
223,GA,4,Hank Johnson,D,True,1,80.1,628303.0,490360.0,513506.0,95.4925551015957,13
224,GA,4,Johsira C. Cruz,R,False,0,19.9,12954.0,23146.0,513506.0,4.507444898404303,13
225,GA,5,Nikema Williams,D,False,1,85.2,553964.0,362801.0,664139.0,54.6272692915188,13
226,GA,5,Angela Stanton-King,R,False,0,14.9,305279.0,301338.0,664139.0,45.37273070848121,13
227,GA,6,Lucy McBath,D,True,1,54.6,8507298.0,8586054.0,11658986.0,73.64323106657818,13
228,GA,6,Karen Handel,R,False,0,45.4,3026243.0,3072932.0,11658986.0,26.356768933421826,13
229,GA,7,Carolyn Bourdeaux,D,False,1,54.4,5133244.0,5161230.0,7724954.0,66.81243668247086,13
230,GA,7,Richard McCormick,R,False,0,48.6,2595446.0,2563724.0,7724954.0,33.18756331752914,13
231,GA,8,Austin Scott,R,True,1,64.5,821745.0,716159.0,716159.0,100.0,13
232,GA,9,Andrew Clyde,R,False,1,78.6,1569425.0,1561316.0,1645939.0,94.85867945288373,13
233,GA,9,Devin Pandy,D,False,0,21.4,84272.0,84623.0,1645939.0,5.141320547116266,13
234,GA,10,Jody Hice,R,True,1,62.3,595947.0,457648.0,469862.0,97.40051334221538,13
235,GA,10,Tabitha Johnson-Green,D,False,0,37.7,14808.0,12214.0,469862.0,2.599486657784626,13
236,GA,11,Barry Loudermilk,R,True,1,60.4,877767.0,700851.0,1095828.0,63.956296061060684,13
237,GA,11,Dana Barrett,D,False,0,39.6,404625.0,394977.0,1095828.0,36.043703938939316,13
238,GA,12,Richard W Allen,R,True,1,58.4,1228970.0,662818.0,734879.0,90.19416801949708,13
239,GA,12,Liz Johnson,D,False,0,41.6,72061.0,72061.0,734879.0,9.805831980502914,13
240,GA,13,David Scott,D,True,1,77.4,1209614.0,1131746.0,1194681.0,94.73206655165689,13
241,GA,13,Becky Hites,R,False,0,22.6,63509.0,62935.0,1194681.0,5.267933448343114,13
242,GA,14,Marjorie Taylor Greene,R,False,1,74.8,2596914.0,2237599.0,2237599.0,100.0,13
243,HI,1,Ed Case,D,True,0,64.7,508249.0,472569.0,485216.0,97.39353195277978,15
244,HI,1,Ron Curtis,R,False,0,25.1,12538.0,12647.0,485216.0,2.6064680472202073,15
245,HI,2,Kai Kahele,D,False,1,57.9,1235523.0,1039637.0,1094981.0,94.94566572388014,15
246,HI,2,Joe Akana,R,False,0,28.3,54534.0,55344.0,1094981.0,5.054334276119859,15
247,ID,1,Russ Fulcher,R,True,1,67.8,575485.0,508457.0,811359.0,62.667327286688135,16
248,ID,1,Rudy Soto,D,False,0,28.7,302902.0,302902.0,811359.0,37.332672713311865,16
249,ID,2,Mike Simpson,R,True,1,64.1,1008847.0,1099604.0,1169872.0,93.9935309162028,16
250,ID,2,Aaron Swisher,D,False,0,31.7,70674.0,70268.0,1169872.0,6.006469083797201,16
251,IL,1,Bobby Rush,D,True,1,73.8,541435.0,496454.0,501502.0,98.99342375503986,17
252,IL,1,Philanise White,R,False,0,26.2,6289.0,5048.0,501502.0,1.0065762449601396,17
253,IL,2,Robin Kelly,D,True,1,78.8,1634783.0,1108137.0,1108137.0,100.0,17
254,IL,3,Marie Newman,D,False,1,56.4,2802093.0,2699323.0,2827303.0,95.47342467362006,17
255,IL,3,Mike Fricilone,R,False,0,43.6,128458.0,127980.0,2827303.0,4.526575326379946,17
256,IL,4,Jesus Garcia,D,True,1,16.0,822846.0,711159.0,712002.0,99.88160145617569,17
257,IL,4,Jesus Solorio Jr,R,False,0,84.0,2065.0,843.0,712002.0,0.1183985438243151,17
258,IL,5,Mike Quigley,D,True,1,70.8,1171507.0,926655.0,926655.0,100.0,17
259,IL,6,Sean Casten,D,True,1,52.8,5582179.0,5313570.0,8449034.0,62.88967472494489,17
260,IL,6,Jeanne Ives,R,False,0,45.4,3157771.0,3135464.0,8449034.0,37.11032527505511,17
261,IL,7,Danny K Davis,D,True,1,80.4,544690.0,505506.0,505506.0,100.0,17
262,IL,8,Raja Krishnamoorthi,D,True,1,73.2,6358878.0,2207703.0,2207703.0,100.0,17
263,IL,9,Jan Schakowsky,D,True,1,71.0,1834801.0,1514838.0,1549553.0,97.75967650025524,17
264,IL,9,Sargis Sangari,R,False,0,29.0,35364.0,34715.0,1549553.0,2.240323499744765,17
265,IL,10,Brad Schneider,D,True,1,63.8,3459512.0,2873333.0,2938097.0,97.79571607064028,17
266,IL,10,Valerie Ramirez Mukherjee,R,False,0,36.2,130225.0,64764.0,2938097.0,2.2042839293597183,17
267,IL,11,Bill Foster,D,True,1,63.3,2381354.0,1823906.0,1843970.0,98.91191288361524,17
268,IL,11,Rick Laib,R,False,0,36.7,20343.0,20064.0,1843970.0,1.0880871163847567,17
269,IL,12,Mike Bost,R,True,1,60.6,1918041.0,1509573.0,1614382.0,93.50779431386128,17
270,IL,12,Ray Lenzi,D,False,0,39.4,161324.0,104809.0,1614382.0,6.49220568613872,17
271,IL,13,Rodney Davis,R,True,1,54.4,4943459.0,4822600.0,10104480.0,47.72734470254778,17
272,IL,13,Betsy Dirksen Londrigan,D,False,0,45.6,5297007.0,5281880.0,10104480.0,52.27265529745222,17
273,IL,14,Lauren A Underwood,D,True,1,50.7,7803579.0,7301503.0,9650301.0,75.66088353099039,17
274,IL,14,Jim Oberweis,R,False,0,49.3,2438857.0,2348798.0,9650301.0,24.33911646900962,17
275,IL,15,Mary Miller,R,False,1,73.5,689057.0,570356.0,593705.0,96.06723878020229,17
276,IL,15,Erika Weaver,D,False,0,26.5,58689.0,23349.0,593705.0,3.9327612197977113,17
277,IL,16,Adam Kinzinger,R,True,1,64.8,2105736.0,1588550.0,1964717.0,80.8538837908971,17
278,IL,16,Dani Brzozowski,D,False,0,35.2,459344.0,376167.0,1964717.0,19.14611620910289,17
279,IL,17,Cheri Bustos,D,True,1,52.0,4975192.0,6391009.0,8421596.0,75.88833518017249,17
280,IL,17,Esther Joy King,R,False,0,48.0,2032878.0,2030587.0,8421596.0,24.1116648198275,17
281,IN,1,Frank Mrvan Jr,D,False,1,56.6,578635.0,464407.0,479750.0,96.80187597707139,18
282,IN,1,Mark Leyva,R,False,0,40.4,16551.0,15343.0,479750.0,3.1981240229286083,18
283,IN,2,Jackie Walorski,R,True,1,61.5,2383467.0,1698202.0,2565503.0,66.19372497323137,18
284,IN,2,Pat Hackett,D,False,0,38.5,881888.0,867301.0,2565503.0,33.80627502676863,18
285,IN,3,Jim Banks,R,True,1,67.8,1202509.0,769591.0,859474.0,89.54209202372614,18
286,IN,3,Chip Coldiron,D,False,0,32.2,94056.0,89883.0,859474.0,10.45790797627386,18
287,IN,4,Jim Baird,R,True,1,66.6,327727.0,190158.0,233371.0,81.48313200869003,18
288,IN,4,Joe Mackey,D,False,0,33.4,44585.0,43213.0,233371.0,18.516867991309972,18
289,IN,5,Christina Hale,D,False,0,45.9,4010368.0,3998905.0,7009108.0,57.05298020803789,18
290,IN,5,Victoria Spartz,R,False,1,50.0,3119328.0,3010203.0,7009108.0,42.94701979196211,18
291,IN,6,Greg Pence,R,True,1,68.7,3114448.0,2804148.0,2949463.0,95.07317094671131,18
292,IN,6,Jeannine Lee Lake,D,False,0,27.7,143089.0,145315.0,2949463.0,4.926829053288683,18
293,IN,7,Andre Carson,D,True,1,62.4,1011635.0,873962.0,933805.0,93.59148858701764,18
294,IN,7,Susan Marie Smith,R,False,0,37.6,62905.0,59843.0,933805.0,6.408511412982368,18
295,IN,8,Larry Bucshon,R,True,1,66.9,1051336.0,1078646.0,1147126.0,94.0302983281697,18
296,IN,8,Thomasina Marsili,D,False,0,29.8,68734.0,68480.0,1147126.0,5.969701671830296,18
297,IN,9,Trey Hollingsworth,R,True,1,60.9,1166754.0,501136.0,636042.0,78.78976545574035,18
298,IN,9,Andy Ruff,D,False,0,34.8,148263.0,134906.0,636042.0,21.210234544259656,18
299,IA,1,Abby Finkenauer,D,True,0,48.7,5901441.0,5875405.0,10934616.0,53.7321566664984,19
300,IA,1,Ashley Hinson,R,False,1,51.3,5175883.0,5059211.0,10934616.0,46.26784333350161,19
301,IA,2,Rita Hart,D,False,0,50.0,4232992.0,4114400.0,5836326.0,70.4964047587472,19
302,IA,2,Mariannette Miller-Meeks,R,False,1,50.0,2174194.0,1721926.0,5836326.0,29.5035952412528,19
303,IA,3,Cindy Axne,D,True,1,49.0,6236976.0,6236994.0,9331576.0,66.8375202645298,19
304,IA,3,David Young,R,False,0,47.6,3170072.0,3094582.0,9331576.0,33.16247973547019,19
305,IA,4,J.D. Scholten,D,False,0,62.1,2885915.0,2902003.0,4796291.0,60.50514866591706,19
306,IA,4,Randy Feenstra,R,False,1,37.9,1906234.0,1894288.0,4796291.0,39.494851334082945,19
307,KS,1,Tracey Mann,R,False,1,71.4,1403353.0,1127156.0,1720080.0,65.52927770801358,20
308,KS,1,Kali Barnett,D,False,0,28.6,603036.0,592924.0,1720080.0,34.47072229198642,20
309,KS,2,Michelle De La Isla,D,False,0,40.5,1825085.0,1810968.0,3389428.0,53.429900266357635,20
310,KS,2,Jake Laturner,R,False,1,55.3,1593407.0,1578460.0,3389428.0,46.57009973364237,20
311,KS,3,Sharice Davids,D,True,1,53.4,5638552.0,5168034.0,7307707.0,70.72032307808729,20
312,KS,3,Amanda Adkins,R,False,0,43.8,2182382.0,2139673.0,7307707.0,29.279676921912717,20
313,KS,4,Ron Estes,R,True,1,64.0,1993808.0,1420188.0,1678872.0,84.59179734964904,20
314,KS,4,Laura Lombard,D,False,0,36.0,264459.0,258684.0,1678872.0,15.40820265035095,20
315,KY,1,James Comer,R,True,1,75.0,736116.0,502554.0,502554.0,100.0,21
316,KY,2,Brett Guthrie,R,True,1,71.0,1412797.0,1566622.0,1637744.0,95.65731884836703,21
317,KY,2,Hank Linderman,D,False,0,26.3,93388.0,71122.0,1637744.0,4.342681151632978,21
318,KY,3,John Yarmuth,D,True,1,62.7,658295.0,690226.0,735894.0,93.79421492769339,21
319,KY,3,Rhonda Palazzo,R,False,0,37.3,46144.0,45668.0,735894.0,6.205785072306609,21
320,KY,4,Thomas Massie,R,True,1,67.1,1457316.0,1563275.0,1669634.0,93.62980150140689,21
321,KY,4,Alexandra Owensby,D,False,0,32.9,156174.0,106359.0,1669634.0,6.370198498593105,21
322,KY,5,Hal Rogers,R,True,1,84.2,664168.0,835781.0,835781.0,100.0,21
323,KY,6,Andy Barr,R,True,1,57.3,4536264.0,4316239.0,7251854.0,59.51911056124406,21
324,KY,6,Josh Hicks,D,False,0,41.0,2936320.0,2935615.0,7251854.0,40.48088943875594,21
325,LA,1,Steve Scalise,R,True,1,72.2,37262827.0,32830607.0,32830607.0,100.0,22
326,LA,2,Cedric Richmond,D,True,1,63.6,1628289.0,1302079.0,1302079.0,100.0,22
327,LA,3,Clay Higgins,R,True,1,67.8,751498.0,720424.0,783569.0,91.94136062044312,22
328,LA,3,Robert Jon Anderson,D,False,0,11.6,63617.0,48015.0,783569.0,6.127730933714835,22
329,LA,3,Braylon Harris,D,False,0,17.9,23006.0,15130.0,783569.0,1.9309084458420382,22
330,LA,4,Mike Johnson,R,True,1,60.4,1299787.0,1039393.0,1072800.0,96.88599925428785,22
331,LA,4,Kenny Houston,D,False,0,25.5,33677.0,33407.0,1072800.0,3.114000745712155,22
332,LA,6,Garret Graves,R,True,1,71.1,1743015.0,1200287.0,1298401.0,92.44347470465596,22
333,LA,6,Dartanyon Williams,D,False,0,25.6,111316.0,98114.0,1298401.0,7.556525295344042,22
334,ME,1,Chellie Pingree,D,True,1,61.5,487080.0,264790.0,334643.0,79.12611350005827,23
335,ME,1,Jay Allen,R,False,0,38.5,79585.0,69853.0,334643.0,20.87388649994173,23
336,ME,2,Jared Golden,D,True,1,52.9,5272142.0,5233990.0,6430107.0,81.39817891055313,23
337,ME,2,Dale Crafts,R,False,0,47.1,1199805.0,1196117.0,6430107.0,18.60182108944688,23
338,MD,1,Andy Harris,R,True,1,63.5,1468096.0,973953.0,973953.0,100.0,24
339,MD,1,Mia Mason,D,False,0,36.3,2524.0,0.0,973953.0,0.0,24
340,MD,2,Dutch Ruppersberger,D,True,1,67.2,1012835.0,927353.0,994248.0,93.2717993900918,24
341,MD,2,Johnny Ray Salling,R,False,0,32.6,68320.0,66895.0,994248.0,6.728200609908192,24
342,MD,3,John Sarbanes,D,True,1,69.5,573599.0,687299.0,694041.0,99.02858764828014,24
343,MD,3,Charles Anthony,R,False,0,30.3,7798.0,6742.0,694041.0,0.9714123517198551,24
344,MD,4,Anthony Brown,D,True,1,79.3,1446636.0,846827.0,846827.0,100.0,24
345,MD,5,Steny H Hoyer,D,True,1,68.5,4587189.0,4342255.0,4384350.0,99.0398804839942,24
346,MD,5,Chris Palombi,R,False,0,31.2,43462.0,42095.0,4384350.0,0.9601195160057934,24
347,MD,6,David Trone,D,True,1,57.9,2944893.0,2959748.0,3221007.0,91.88890306664965,24
348,MD,6,Neil Parrott,R,False,0,40.2,315936.0,261259.0,3221007.0,8.111096933350346,24
349,MD,7,Kweisi Mfume,D,True,1,71.6,1014126.0,713389.0,8212843.0,8.68626126178231,24
350,MD,7,Kimberly Klacik,R,False,0,28.1,8296845.0,7499454.0,8212843.0,91.3137387382177,24
351,MD,8,Jamie Raskin,D,True,1,67.3,2072652.0,1399252.0,1426509.0,98.08925145232172,24
352,MD,8,Gregory Coll,R,False,0,32.5,30876.0,27257.0,1426509.0,1.9107485476782833,24
353,MA,1,Richard E Neal,D,True,1,96.5,4949384.0,5873122.0,5873122.0,100.0,25
354,MA,2,James P McGovern,D,True,1,65.3,1052549.0,1089412.0,1111731.0,97.99241003444179,25
355,MA,2,Tracy Lovvorn,R,False,0,34.6,26311.0,22319.0,1111731.0,2.007589965558215,25
356,MA,3,Lori Trahan,D,True,1,97.7,1449303.0,1232437.0,1232437.0,100.0,25
357,MA,4,Jake Auchincloss,D,False,1,60.8,2608686.0,2150904.0,2280282.0,94.32622807179112,25
358,MA,4,Julie Hall,R,False,0,38.9,131603.0,129378.0,2280282.0,5.67377192820888,25
359,MA,5,Katherine Clark,D,True,1,74.3,1788706.0,1514877.0,1661849.0,91.15611586852957,25
360,MA,5,Caroline Colarusso,R,False,0,25.6,148635.0,146972.0,1661849.0,8.843884131470428,25
361,MA,6,Seth Moulton,D,True,1,65.4,1289805.0,1802169.0,2101273.0,85.7655811500933,25
362,MA,6,John Paul Moran,R,False,0,34.4,300220.0,299104.0,2101273.0,14.2344188499067,25
363,MA,7,Ayanna Pressley,D,True,1,86.6,2163370.0,1748432.0,1748432.0,100.0,25
364,MA,8,Stephen Lynch,D,True,1,80.7,905614.0,1134662.0,1134662.0,100.0,25
365,MA,9,Bill Keating,D,True,1,61.3,708680.0,652448.0,676183.0,96.48985555685368,25
366,MA,9,Helen Brady,R,False,0,36.3,28233.0,23735.0,676183.0,3.5101444431463085,25
367,MI,1,John Bergman,R,True,1,61.6,1868512.0,1733466.0,2073254.0,83.61088414637088,26
368,MI,1,Dana Ferguson,D,False,0,36.9,346213.0,339788.0,2073254.0,16.38911585362913,26
369,MI,2,Bill Huizenga,R,True,1,59.2,2175411.0,1883610.0,2553474.0,73.76656272983394,26
370,MI,2,Bryan Berghoef,D,False,0,38.2,751576.0,669864.0,2553474.0,26.233437270166053,26
371,MI,3,Hillary Scholten,D,False,0,47.0,3793132.0,3765942.0,6653716.0,56.599079371587244,26
372,MI,3,Peter Meijer,R,False,1,53.0,2975972.0,2887774.0,6653716.0,43.400920628412756,26
373,MI,4,John Moolenaar,R,True,1,65.0,1528612.0,1036160.0,1059763.0,97.77280391936688,26
374,MI,4,Jerry Hilliard,D,False,0,32.4,23117.0,23603.0,1059763.0,2.2271960806331226,26
375,MI,5,Dan Kildee,D,True,1,54.5,1669951.0,1504094.0,1575200.0,95.48590655154901,26
376,MI,5,Tim Kelly,R,False,0,41.7,71106.0,71106.0,1575200.0,4.514093448450991,26
377,MI,6,Fred Upton,R,True,1,55.8,3616380.0,3464617.0,6562983.0,52.79027844503026,26
378,MI,6,Jon Hoadley,D,False,0,40.1,3116491.0,3098366.0,6562983.0,47.20972155496975,26
379,MI,7,Tim Walberg,R,True,1,58.8,2301635.0,1586358.0,3299198.0,48.08314020558936,26
380,MI,7,Gretchen Driskell,D,False,0,41.3,1712840.0,1712840.0,3299198.0,51.91685979441064,26
381,MI,8,Elissa Slotkin,D,True,1,50.9,8967420.0,7419974.0,9517105.0,77.96461213782973,26
382,MI,8,Paul Junge,R,False,0,47.3,2107608.0,2097131.0,9517105.0,22.03538786217027,26
383,MI,9,Andy Levin,D,True,1,57.8,1316607.0,907237.0,907237.0,100.0,26
384,MI,10,Lisa McClain,R,False,1,66.3,2266287.0,2137031.0,2178277.0,98.10648507972127,26
385,MI,10,Kimberly Bizon,D,False,0,33.7,41438.0,41246.0,2178277.0,1.893514920278734,26
386,MI,11,Haley Stevens,D,True,1,50.2,5776924.0,5707448.0,6998957.0,81.54712194974194,26
387,MI,11,Eric Esshaki,R,False,0,47.8,1298612.0,1291509.0,6998957.0,18.452878050258057,26
388,MI,12,Debbie Dingell,D,True,1,66.4,1630498.0,1689582.0,1699239.0,99.43168677272591,26
389,MI,12,Jeff Jones,R,False,0,30.7,10616.0,9657.0,1699239.0,0.5683132272740915,26
390,MI,13,Rashida Tlaib,D,True,1,77.9,4014411.0,3690334.0,3690334.0,100.0,26
391,MI,14,Brenda Lawrence,D,True,1,78.9,1084662.0,789570.0,831543.0,94.95239572697984,26
392,MI,14,Vance Patrick,R,False,0,18.7,39670.0,41973.0,831543.0,5.0476042730201565,26
393,MN,1,Jim Hagedorn,R,True,1,48.6,2386033.0,2305994.0,7169829.0,32.16246858886035,27
394,MN,1,Daniel Feehan,D,False,0,45.5,4861651.0,4863835.0,7169829.0,67.83753141113965,27
395,MN,2,Angie Craig,D,True,1,48.2,5380101.0,4435492.0,7391534.0,60.00773317149052,27
396,MN,2,Tyler Kistner,R,False,0,45.9,2990054.0,2956042.0,7391534.0,39.99226682850948,27
397,MN,3,Dean Phillips,D,True,1,55.6,2328616.0,2152031.0,3903245.0,55.1344073969223,27
398,MN,3,Kendall Qualls,R,False,0,44.3,1863927.0,1751214.0,3903245.0,44.8655926030777,27
399,MN,4,Betty McCollum,D,True,1,63.2,1171748.0,994072.0,1014147.0,98.0205039308897,27
400,MN,4,Gene Rechtzigel,R,False,0,29.0,20075.0,20075.0,1014147.0,1.9794960691102967,27
401,MN,5,Ilhan Omar,D,True,1,64.3,5718517.0,5605576.0,17606472.0,31.838155878133907,27
402,MN,5,Lacy Johnson,R,False,0,25.8,12050564.0,12000896.0,17606472.0,68.1618441218661,27
403,MN,6,Tom Emmer,R,True,1,65.5,2804265.0,2537612.0,2586826.0,98.09751409642551,27
404,MN,6,Tawnja Zahradka,D,False,0,34.3,49242.0,49214.0,2586826.0,1.9024859035744963,27
405,MN,7,Collin Peterson,D,True,0,39.9,2714012.0,2867577.0,5448078.0,52.63465390914007,27
406,MN,7,Michelle Fischbach,R,False,1,53.4,2618450.0,2580501.0,5448078.0,47.36534609085993,27
407,MN,8,Pete Stauber,R,True,1,56.7,2593190.0,2608759.0,4135764.0,63.07804313785796,27
408,MN,8,Quinn Nystrom,D,False,0,37.6,1530606.0,1527005.0,4135764.0,36.92195686214204,27
409,MS,1,Trent Kelly,R,True,1,68.7,876882.0,826673.0,844847.0,97.8488412694843,28
410,MS,1,Antonia Eliason,D,False,0,31.3,22281.0,18174.0,844847.0,2.1511587305157027,28
411,MS,2,Bennie G Thompson,D,True,1,66.0,1377392.0,1096904.0,1096904.0,100.0,28
412,MS,3,Michael Guest,R,True,1,64.7,766807.0,518162.0,518162.0,100.0,28
413,MS,4,Steven Palazzo,R,True,1,100.0,817129.0,747217.0,747217.0,100.0,28
414,MO,1,Cori Bush,D,False,1,78.8,1418014.0,1333512.0,1333512.0,100.0,29
415,MO,2,Ann Wagner,R,True,1,52.0,5598287.0,6513101.0,11343535.0,57.416854622478795,29
416,MO,2,Jill Schupp,D,False,0,45.4,4850948.0,4830434.0,11343535.0,42.583145377521205,29
417,MO,3,Blaine Luetkemeyer,R,True,1,69.4,2022905.0,2081391.0,2081391.0,100.0,29
418,MO,4,Vicky Hartzler,R,True,1,67.6,1700978.0,1335607.0,1720229.0,77.64123264983907,29
419,MO,4,Lindsey Simmons,D,False,0,29.7,395934.0,384622.0,1720229.0,22.35876735016094,29
420,MO,5,Emanuel Cleaver,D,True,1,58.5,1393847.0,928061.0,1004549.0,92.38583682826821,29
421,MO,5,Ryan Derks,R,False,0,38.7,76488.0,76488.0,1004549.0,7.614163171731791,29
422,MO,6,Sam Graves,R,True,1,67.1,1959516.0,1654756.0,1665286.0,99.36767618294996,29
423,MO,6,Gena Ross,D,False,0,30.8,10170.0,10530.0,1665286.0,0.6323238170500443,29
424,MO,7,Billy Long,R,True,1,68.7,1320420.0,1518234.0,1518234.0,100.0,29
425,MO,8,Jason Smith,R,True,1,76.9,1900227.0,1514786.0,1820173.0,83.22208932887149,29
426,MO,8,Kathryn Ellis,D,False,0,21.4,302428.0,305387.0,1820173.0,16.777910671128513,29
427,MT,1,Kathleen Williams,D,False,0,43.6,6201758.0,6232286.0,9720331.0,64.11598535070462,30
428,MT,1,Matt Rosendale,R,False,1,56.4,3674706.0,3488045.0,9720331.0,35.88401464929538,30
429,NE,1,Jeff Fortenberry,R,True,1,59.5,1472816.0,2458330.0,3598701.0,68.3115935444484,31
430,NE,1,Kate Bolz,D,False,0,37.7,1143509.0,1140371.0,3598701.0,31.6884064555516,31
431,NE,2,Don Bacon,R,True,1,50.6,3749272.0,3713961.0,8181967.0,45.39203103605771,31
432,NE,2,Kara Eastman,D,False,0,46.3,4414390.0,4468006.0,8181967.0,54.60796896394229,31
433,NE,3,Adrian Smith,R,True,1,78.5,1506473.0,1148409.0,1148409.0,100.0,31
434,NE,3,Mark Elworth Jr,D,False,0,17.7,255.0,0.0,1148409.0,0.0,31
435,NV,1,Dina Titus,D,True,1,61.8,706193.0,587919.0,587919.0,100.0,32
436,NV,2,Mark Amodei,R,True,1,56.5,1048056.0,1016673.0,1466122.0,69.34436561213869,32
437,NV,2,Patricia Ackerman,D,False,0,40.7,449363.0,449449.0,1466122.0,30.65563438786131,32
438,NV,3,Susie Lee,D,True,1,48.8,4748019.0,4732009.0,7647225.0,61.87877301897093,32
439,NV,3,Dan Rodimer,R,False,0,45.8,2936059.0,2915216.0,7647225.0,38.12122698102907,32
440,NV,4,Steven Horsford,D,True,1,50.7,3492372.0,3024427.0,4443832.0,68.05898602827469,32
441,NV,4,Jim Marchant,R,False,0,45.8,1462772.0,1419405.0,4443832.0,31.9410139717253,32
442,NH,1,Chris Pappas,D,True,1,51.3,3205731.0,3105663.0,4804424.0,64.64173436815734,33
443,NH,1,Matt Mowers,R,False,0,46.2,1707214.0,1698761.0,4804424.0,35.35826563184265,33
444,NH,2,Ann Kuster,D,True,1,53.9,2960033.0,2970274.0,3349233.0,88.68520046231481,33
445,NH,2,Steve Negron,R,False,0,43.7,368177.0,378959.0,3349233.0,11.314799537685195,33
446,NJ,1,Don Norcross,D,True,1,62.5,2221989.0,1087264.0,1109025.0,98.03782601834945,34
447,NJ,1,Claire Gustafson,R,False,0,37.5,36520.0,21761.0,1109025.0,1.9621739816505488,34
448,NJ,2,Jeff Van Drew,R,True,1,51.9,4229171.0,4041493.0,9020406.0,44.803892419033026,34
449,NJ,2,Amy Kennedy,D,False,0,46.2,4984376.0,4978913.0,9020406.0,55.19610758096698,34
450,NJ,3,Andy Kim,D,True,1,53.2,7241283.0,6753262.0,8223910.0,82.11741130435523,34
451,NJ,3,David Richter,R,False,0,45.5,1473669.0,1470648.0,8223910.0,17.88258869564477,34
452,NJ,4,Chris Smith,R,True,1,59.9,1383085.0,1284522.0,1942533.0,66.12613530889823,34
453,NJ,4,Stephanie Schmid,D,False,0,38.3,699580.0,658011.0,1942533.0,33.87386469110177,34
454,NJ,5,Josh Gottheimer,D,True,1,53.2,7694027.0,3487964.0,5442011.0,64.09329198342304,34
455,NJ,5,Frank Pallotta,R,False,0,45.6,1972033.0,1948705.0,5442011.0,35.80854577471453,34
456,NJ,5,Louis A. Vellucci,I,False,0,1.2,5456.0,5342.0,5442011.0,0.09816224186242917,34
457,NJ,6,Frank Pallone Jr.,D,True,1,61.2,3231755.0,2021737.0,2021737.0,100.0,34
458,NJ,7,Tom Malinowski,D,True,1,50.6,7414403.0,7423758.0,11199200.0,66.28828844917494,34
459,NJ,7,Tom Kean,R,False,0,49.4,3869121.0,3775442.0,11199200.0,33.71171155082506,34
460,NJ,8,Albio Sires,D,True,1,74.0,605810.0,551325.0,551325.0,100.0,34
461,NJ,9,Bill Pascrell Jr.,D,True,1,65.8,1560550.0,1795410.0,1830485.0,98.08384116777795,34
462,NJ,9,Billy Prempeh,R,False,0,31.9,44269.0,35075.0,1830485.0,1.9161588322220615,34
463,NJ,10,Donald M Payne Jr.,D,True,1,83.3,593735.0,457252.0,457252.0,100.0,34
464,NJ,11,Mikie Sherrill,D,True,1,53.3,6419707.0,3733106.0,5419342.0,68.88485723912608,34
465,NJ,11,Rosemary Becchi,R,False,0,46.7,1687532.0,1686236.0,5419342.0,31.11514276087392,34
466,NJ,12,Bonnie Watson Coleman,D,True,1,65.6,798439.0,840651.0,841793.0,99.86433719453595,34
467,NJ,12,Mark Razzoli,R,False,0,32.6,3065.0,1142.0,841793.0,0.13566280546405116,34
468,NM,1,Debra Haaland,D,True,1,58.1,2246734.0,1875766.0,2121356.0,88.42297096762637,35
469,NM,1,Michelle Garcia Holmes,R,False,0,41.9,257294.0,245590.0,2121356.0,11.577029032373632,35
470,NM,2,Xochitl Torres Small,D,True,0,46.3,8387337.0,8539065.0,11460850.0,74.50638477948843,35
471,NM,2,Yvette Herrell,R,False,1,53.7,2805711.0,2921785.0,11460850.0,25.49361522051157,35
472,NM,3,Teresa Leger Fernandez,D,False,1,58.7,2296594.0,2132010.0,2279313.0,93.53739482028138,35
473,NM,3,Alexis Johnson,R,False,0,41.3,147303.0,147303.0,2279313.0,6.462605179718625,35
474,NY,1,Lee Zeldin,R,True,1,55.9,8396981.0,8250116.0,16111093.0,51.20767411621298,36
475,NY,1,Nancy Goroff,D,False,0,44.1,7866239.0,7860977.0,16111093.0,48.79232588378703,36
476,NY,2,Jackie Gordon,D,False,0,46.0,4351881.0,4334484.0,5946616.0,72.8899259679791,36
477,NY,2,Andrew Garbarino,R,False,1,52.9,1743986.0,1612132.0,5946616.0,27.110074032020904,36
478,NY,3,Tom Suozzi,D,True,1,53.2,2941006.0,2331302.0,2922541.0,79.76969356460695,36
479,NY,3,George Santos,R,False,0,46.2,658883.0,591239.0,2922541.0,20.230306435393036,36
480,NY,4,Kathleen Rice,D,True,1,52.0,1106258.0,1210410.0,1341405.0,90.23449293837432,36
481,NY,4,Douglas Tuman,R,False,0,47.3,134937.0,130995.0,1341405.0,9.765507061625684,36
482,NY,5,Gregory Meeks,D,True,1,99.0,2097572.0,1467454.0,1467454.0,100.0,36
483,NY,6,Grace Meng,D,True,1,62.6,1292084.0,1872311.0,2003589.0,93.44785781914354,36
484,NY,6,Thomas Zmich,R,False,0,37.4,133403.0,131278.0,2003589.0,6.552142180856453,36
485,NY,7,Nydia Velazquez,D,True,1,83.0,803217.0,676248.0,676248.0,100.0,36
486,NY,8,Hakeem Jeffries,D,True,1,82.5,4168717.0,3293077.0,3293077.0,100.0,36
487,NY,9,Yvette Clarke,D,True,1,81.5,1200067.0,1190143.0,1190143.0,100.0,36
488,NY,10,Jerrold Nadler,D,True,1,68.5,1848688.0,1950774.0,1979158.0,98.5658547725851,36
489,NY,10,Cathy Bernstein,R,False,0,30.1,49975.0,28384.0,1979158.0,1.4341452274148907,36
490,NY,11,Max Rose,D,True,0,42.0,9284434.0,9499242.0,12946294.0,73.3742181353212,36
491,NY,11,Nicole Malliotakis,R,False,1,57.8,3469995.0,3447052.0,12946294.0,26.625781864678803,36
492,NY,12,Carolyn Maloney,D,True,1,78.9,3067173.0,3059202.0,3059202.0,100.0,36
493,NY,13,Adriano Espaillat,D,True,1,86.0,1087237.0,1252740.0,1292124.0,96.95199531933467,36
494,NY,13,Lovelynn Gwinn,R,False,0,8.0,39384.0,39384.0,1292124.0,3.048004680665323,36
495,NY,14,Alexandria Ocasio-Cortez,D,True,1,68.7,20664795.0,16735422.0,27683180.0,60.453394443846406,36
496,NY,14,John C. Cummings,R,False,0,30.5,11140937.0,10947758.0,27683180.0,39.546605556153594,36
497,NY,15,Ritchie Torres,D,False,1,88.2,2194025.0,1804336.0,1804336.0,100.0,36
498,NY,16,Jamaal Bowman,D,False,1,82.9,2878898.0,2801424.0,2801424.0,100.0,36
499,NY,17,Mondaire Jones,D,False,1,54.1,2984052.0,2186463.0,2246547.0,97.32549552713564,36
500,NY,17,Maureen McArdle Schulman,R,False,0,39.8,54732.0,60084.0,2246547.0,2.674504472864356,36
501,NY,18,Sean Patrick Maloney,D,True,1,51.8,2556294.0,1718525.0,2879052.0,59.69065511842092,36
502,NY,18,Chele Farley,R,False,0,47.3,1186211.0,1152124.0,2879052.0,40.01747797538912,36
503,NY,18,Scott Smith,I,False,0,0.9,8718.0,8403.0,2879052.0,0.2918669061899542,36
504,NY,19,Antonio Delgado,D,True,1,51.5,5949475.0,2963286.0,3083383.0,96.1050249028421,36
505,NY,19,Kyle Van De Water,R,False,0,45.9,153796.0,120097.0,3083383.0,3.8949750971578947,36
506,NY,20,Paul Tonko,D,True,1,56.5,1541984.0,1418994.0,1755839.0,80.81572399291734,36
507,NY,20,Elizabeth Joy,R,False,0,43.4,370852.0,336845.0,1755839.0,19.184276007082655,36
508,NY,21,Elise Stefanik,R,True,1,64.4,13287248.0,11655936.0,17249202.0,67.57376949959773,36
509,NY,21,Tedra Cobb,D,False,0,35.6,5586793.0,5593266.0,17249202.0,32.42623050040228,36
510,NY,23,Tom Reed,R,True,1,57.7,3275177.0,3145027.0,4611155.0,68.20475564148245,36
511,NY,23,Tracy Mitrano,D,False,0,41.4,1450322.0,1466128.0,4611155.0,31.79524435851755,36
512,NY,24,John Katko,R,True,1,53.1,3821107.0,3597234.0,6828042.0,52.68324360043479,36
513,NY,24,Dana Balter,D,False,0,43.0,3212469.0,3230808.0,6828042.0,47.31675639956521,36
514,NY,25,Joseph D Morelle,D,True,1,59.3,1375366.0,1274426.0,1553473.0,82.0372159670622,36
515,NY,25,George Mitris,R,False,0,39.1,301376.0,279047.0,1553473.0,17.96278403293781,36
516,NY,26,Brian Higgins,D,True,1,69.8,1124168.0,984106.0,984106.0,100.0,36
517,NY,27,Chris Jacobs,R,True,1,59.7,2147101.0,2084271.0,3181382.0,65.5146411213743,36
518,NY,27,Nate McMurray,D,False,0,39.0,1150058.0,1097111.0,3181382.0,34.4853588786257,36
519,NC,1,G K Butterfield,D,True,1,54.2,1032869.0,880420.0,2318225.0,37.9781945238275,37
520,NC,1,Sandy Smith,R,False,0,45.8,1458375.0,1437805.0,2318225.0,62.021805476172496,37
521,NC,2,Deborah Ross,D,False,1,63.0,2268381.0,1816923.0,1936358.0,93.83197735129558,37
522,NC,2,Alan Swain,R,False,0,34.8,119664.0,119435.0,1936358.0,6.168022648704423,37
523,NC,3,Greg Murphy,R,True,1,63.4,1767790.0,1505559.0,1505559.0,100.0,37
524,NC,4,David Price,D,True,1,67.3,1161738.0,1014872.0,1014872.0,100.0,37
525,NC,5,Virginia Foxx,R,True,1,66.9,1858388.0,1944629.0,2005297.0,96.97461273816297,37
526,NC,5,David Wilson Brown,D,False,0,31.1,61596.0,60668.0,2005297.0,3.0253872618370243,37
527,NC,6,Kathy Manning,D,False,1,62.3,2002284.0,1695596.0,1753938.0,96.6736566514894,37
528,NC,6,Lee Haywood,R,False,0,37.7,73878.0,58342.0,1753938.0,3.326343348510609,37
529,NC,7,David Rouzer,R,True,1,60.3,1628458.0,1038883.0,1043002.0,99.60508225295828,37
530,NC,7,Christopher Ward,D,False,0,39.6,16260.0,4119.0,1043002.0,0.3949177470417123,37
531,NC,8,Richard Hudson,R,True,1,53.3,4135872.0,4359009.0,8211677.0,53.08305477675267,37
532,NC,8,Patricia Timmons-Goodson,D,False,0,46.7,3855743.0,3852668.0,8211677.0,46.91694522324734,37
533,NC,9,Dan Bishop,R,True,1,55.6,4090260.0,4029864.0,4824164.0,83.53497103332307,37
534,NC,9,Cynthia Wallace,D,False,0,44.4,811609.0,794300.0,4824164.0,16.46502896667692,37
535,NC,10,Patrick McHenry,R,True,1,68.9,2780234.0,2339363.0,2369918.0,98.71071488549393,37
536,NC,10,David Parker,D,False,0,31.1,30555.0,30555.0,2369918.0,1.2892851145060715,37
537,NC,11,Madison Cawthorn,R,False,1,54.5,4478970.0,4366783.0,6514904.0,67.02758782017357,37
538,NC,11,Moe Davis,D,False,0,42.3,2251413.0,2148121.0,6514904.0,32.97241217982644,37
539,NC,12,Alma Adams,D,True,1,100.0,824124.0,651883.0,651883.0,100.0,37
540,NC,13,Ted Budd,R,True,1,68.2,2294174.0,1293414.0,1483381.0,87.19364748503587,37
541,NC,13,Scott Huffman,D,False,0,31.8,193334.0,189967.0,1483381.0,12.806352514964125,37
542,ND,1,Kelly Armstrong,R,True,1,69.0,1269346.0,1080105.0,1106134.0,97.64684929673982,38
543,ND,1,Zach Raknerud,D,False,0,27.6,28047.0,26029.0,1106134.0,2.3531507032601837,38
544,OH,1,Steve Chabot,R,True,1,51.8,3177647.0,2861464.0,6901262.0,41.46290924761297,39
545,OH,1,Kate Schroder,D,False,0,44.7,4040303.0,4039798.0,6901262.0,58.53709075238702,39
546,OH,2,Brad Wenstrup,R,True,1,61.1,1794354.0,1757078.0,2028549.0,86.61747879888532,39
547,OH,2,Jaime Castle,D,False,0,38.9,284197.0,271471.0,2028549.0,13.382521201114688,39
548,OH,3,Joyce Beatty,D,True,1,70.8,2237887.0,2540687.0,2541935.0,99.95090354395371,39
549,OH,3,Nicholas Moss,I,False,0,0.0,1258.0,1248.0,2541935.0,0.049096456046279706,39
550,OH,4,Jim Jordan,R,True,1,67.9,18313823.0,12945651.0,12945651.0,100.0,39
551,OH,5,Bob Latta,R,True,1,68.0,1580952.0,1477090.0,1724513.0,85.6525871361944,39
552,OH,5,Nick Rubando,D,False,0,32.0,249319.0,247423.0,1724513.0,14.347412863805609,39
553,OH,6,Bill Johnson,R,True,1,74.4,1866123.0,1853361.0,1853935.0,99.96903882822214,39
554,OH,6,Shawna Roberts,D,False,0,25.6,262.0,574.0,1853935.0,0.030961171777867075,39
555,OH,7,Bob Gibbs,R,True,1,67.5,791888.0,453928.0,466904.0,97.2208419717972,39
556,OH,7,Quentin Potter,D,False,0,29.2,12976.0,12976.0,466904.0,2.7791580282028,39
557,OH,8,Warren Davidson,R,True,1,69.0,1016740.0,841533.0,879079.0,95.72893903733339,39
558,OH,8,Vanessa Enoch,D,False,0,31.0,40270.0,37546.0,879079.0,4.271060962666609,39
559,OH,9,Marcy Kaptur,D,True,1,63.1,1090395.0,979798.0,1103060.0,88.82544920493899,39
560,OH,9,Rob Weber,R,False,0,36.9,134898.0,123262.0,1103060.0,11.174550795061013,39
561,OH,10,Michael R Turner,R,True,1,58.4,1752255.0,1736283.0,3760293.0,46.17414121718706,39
562,OH,10,Desiree Tims,D,False,0,41.6,2040760.0,2024010.0,3760293.0,53.82585878281293,39
563,OH,11,Marcia Fudge,D,True,1,80.1,755787.0,499820.0,656647.0,76.11700045838936,39
564,OH,11,Laverne Gore,R,False,0,20.0,157044.0,156827.0,656647.0,23.882999541610637,39
565,OH,12,Troy Balderson,R,True,1,55.2,2016826.0,1995665.0,3021075.0,66.0581084547719,39
566,OH,12,Alaina Shearer,D,False,0,41.8,1033711.0,1025410.0,3021075.0,33.9418915452281,39
567,OH,13,Tim Ryan,D,True,1,52.5,1972446.0,2071454.0,2892114.0,71.6242167494089,39
568,OH,13,Christina Hagan,R,False,0,44.9,861723.0,820660.0,2892114.0,28.37578325059109,39
569,OH,14,David P Joyce,R,True,1,60.1,2917696.0,2501449.0,3076095.0,81.31897746981156,39
570,OH,14,Hillary O'Connor Mueri,D,False,0,39.9,579877.0,574646.0,3076095.0,18.681022530188436,39
571,OH,15,Steve Stivers,R,True,1,63.4,3004799.0,2293101.0,2348898.0,97.62454563799704,39
572,OH,15,Joel Newby,D,False,0,36.6,55797.0,55797.0,2348898.0,2.375454362002948,39
573,OH,16,Anthony Gonzalez,R,True,1,63.2,2338195.0,1839807.0,1900237.0,96.81987036353887,39
574,OH,16,Aaron Godfrey,D,False,0,36.8,60294.0,60430.0,1900237.0,3.1801296364611362,39
575,OK,1,Kevin Hern,R,True,1,63.7,1094104.0,830366.0,1004294.0,82.68156535835124,40
576,OK,1,Kojo Asamoa-Caesar,D,False,0,32.7,157355.0,173928.0,1004294.0,17.31843464164876,40
577,OK,2,Markwayne Mullin,R,True,1,75.0,1660206.0,1077939.0,1119661.0,96.2736935554601,40
578,OK,2,Danyell Lanier,D,False,0,22.0,41730.0,41722.0,1119661.0,3.72630644453991,40
579,OK,3,Frank D Lucas,R,True,1,78.5,872749.0,1036145.0,1036145.0,100.0,40
580,OK,4,Tom Cole,R,True,1,67.8,1812530.0,1753697.0,1755296.0,99.9089042531858,40
581,OK,4,Mary Brannon,D,False,0,28.8,-2084.0,1599.0,1755296.0,0.09109574681421254,40
582,OK,5,Kendra Horn,D,True,0,47.9,5949800.0,5946195.0,9455124.0,62.88859881689547,40
583,OK,5,Stephanie Bice,R,False,1,52.1,3720520.0,3508929.0,9455124.0,37.111401183104526,40
584,OR,1,Suzanne Bonamici,D,True,1,64.6,959223.0,864627.0,865299.0,99.92233898340342,41
585,OR,1,Chris Christensen,R,False,0,35.2,144.0,672.0,865299.0,0.07766101659657529,41
586,OR,2,Cliff Bentz,R,False,1,60.0,1450780.0,1361727.0,1366816.0,99.62767482967715,41
587,OR,2,Alex Spenser,D,False,0,36.9,20640.0,5089.0,1366816.0,0.3723251703228525,41
588,OR,3,Earl Blumenauer,D,True,1,73.0,1813365.0,1948453.0,1962955.0,99.26121587097005,41
589,OR,3,Joanna Harbour,R,False,0,23.5,17681.0,14502.0,1962955.0,0.7387841290299574,41
590,OR,4,Peter DeFazio,D,True,1,51.6,5182843.0,5781074.0,11112338.0,52.023921518585915,41
591,OR,4,Alek Skarlatos,R,False,0,46.2,5454621.0,5331264.0,11112338.0,47.97607848141408,41
592,OR,5,Kurt Schrader,D,True,1,51.9,2018692.0,1922073.0,2143114.0,89.68598963937524,41
593,OR,5,Amy Ryan Courser,R,False,0,45.2,231624.0,221041.0,2143114.0,10.314010360624772,41
594,PA,1,Brian Fitzpatrick,R,True,1,58.7,4203825.0,4272135.0,6601883.0,64.710855978514,42
595,PA,1,Christina Finello,D,False,0,41.3,2336814.0,2329748.0,6601883.0,35.28914402148599,42
596,PA,2,Brendan Boyle,D,True,1,65.1,1556650.0,756317.0,756317.0,100.0,42
597,PA,3,Dwight Evans,D,True,1,87.5,942386.0,781265.0,781265.0,100.0,42
598,PA,4,Madeleine Dean,D,True,1,56.0,1435995.0,1005928.0,1890568.0,53.20771323750323,42
599,PA,4,Kathy Barnette,R,False,0,44.0,1000389.0,884640.0,1890568.0,46.79228676249677,42
600,PA,5,Mary Gay Scanlon,D,True,1,60.3,1455042.0,1350276.0,1432713.0,94.24609115712637,42
601,PA,5,Dasha Pruett,R,False,0,39.7,105146.0,82437.0,1432713.0,5.753908842873625,42
602,PA,6,Chrissy Houlahan,D,True,1,54.7,3484484.0,1327283.0,1928673.0,68.8184570427439,42
603,PA,6,John Emmons,R,False,0,45.3,608859.0,601390.0,1928673.0,31.181542957256102,42
604,PA,7,Susan Wild,D,True,1,51.7,4581056.0,4528267.0,4528267.0,100.0,42
605,PA,8,Matt Cartwright,D,True,1,51.7,3885136.0,4144070.0,5530110.0,74.93648408440339,42
606,PA,8,Jim Bognet,R,False,0,48.3,1519527.0,1386040.0,5530110.0,25.063515915596618,42
607,PA,9,Dan Meuser,R,True,1,68.2,1071961.0,944010.0,1131358.0,83.44043176430449,42
608,PA,9,Gary Wegman,D,False,0,31.8,188787.0,187348.0,1131358.0,16.559568235695508,42
609,PA,10,Scott Perry,R,True,0,53.4,3956481.0,3839197.0,8365881.0,45.89112611092603,42
610,PA,10,Eugene DePasquale,D,False,0,46.6,4534580.0,4526684.0,8365881.0,54.10887388907396,42
611,PA,11,Lloyd Smucker,R,True,1,69.2,1349318.0,662704.0,686162.0,96.5812738099749,42
612,PA,11,Sarah Hammond,D,False,0,30.8,28733.0,23458.0,686162.0,3.418726190025096,42
613,PA,12,Fred Keller,R,True,1,71.8,1541938.0,1066158.0,1110729.0,95.98723000839989,42
614,PA,12,Lee Griffin,D,False,0,28.2,45850.0,44571.0,1110729.0,4.012769991600111,42
615,PA,13,John Joyce,R,True,1,79.0,1119769.0,461229.0,528756.0,87.22908108844155,42
616,PA,13,Todd Rowley,D,False,0,21.0,60348.0,67527.0,528756.0,12.770918911558452,42
617,PA,14,Guy Reschenthaler,R,True,1,67.8,2250282.0,1580488.0,1626447.0,97.1742700499924,42
618,PA,14,Bill Marx,D,False,0,32.2,60403.0,45959.0,1626447.0,2.825729950007593,42
619,PA,15,Glenn Thompson,R,True,1,76.3,1700061.0,1839073.0,1839073.0,100.0,42
620,PA,16,Mike Kelly,R,True,1,67.2,2239488.0,1319340.0,1898793.0,69.48308741395192,42
621,PA,16,Kristy Gnibus,D,False,0,32.8,584205.0,579453.0,1898793.0,30.516912586048083,42
622,PA,17,Conor Lamb,D,True,1,51.1,4063114.0,3448850.0,7181249.0,48.02576821942812,42
623,PA,17,Sean Parnell,R,False,0,48.9,3935774.0,3732399.0,7181249.0,51.97423178057188,42
624,PA,18,Mike Doyle,D,True,1,64.6,1008711.0,999692.0,1051358.0,95.08578429041296,42
625,PA,18,Luke Negron,R,False,0,35.4,57714.0,51666.0,1051358.0,4.91421570958703,42
626,RI,1,David Cicilline,D,True,1,70.8,1574854.0,1743173.0,1743173.0,100.0,44
627,RI,2,Jim Langevin,D,True,1,58.2,1102312.0,1422339.0,1470216.0,96.74353972477515,44
628,RI,2,Bob Lancia,R,False,0,41.5,55549.0,47877.0,1470216.0,3.256460275224865,44
629,SC,1,Joe Cunningham,D,True,0,49.3,6941746.0,6993962.0,12701201.0,55.06535956717794,45
630,SC,1,Nancy Mace,R,False,1,50.6,5766726.0,5707239.0,12701201.0,44.93464043282206,45
631,SC,2,Joe Wilson,R,True,1,55.7,1648065.0,1723956.0,4231620.0,40.739858493910134,45
632,SC,2,Adair Boroughs,D,False,0,42.6,2510526.0,2507664.0,4231620.0,59.260141506089866,45
633,SC,3,Jeff Duncan,R,True,1,71.2,1509647.0,1271872.0,1316979.0,96.57496436921166,45
634,SC,3,Hosea Cleveland,D,False,0,28.7,43214.0,45107.0,1316979.0,3.4250356307883423,45
635,SC,4,William Timmons,R,True,1,61.6,977784.0,982233.0,1149741.0,85.43080572059273,45
636,SC,4,Kim Nelson,D,False,0,36.9,167825.0,167508.0,1149741.0,14.569194279407274,45
637,SC,5,Ralph Norman,R,True,1,60.1,991246.0,859747.0,1337042.0,64.30216851826644,45
638,SC,5,Moe Brown,D,False,0,39.9,480648.0,477295.0,1337042.0,35.69783148173356,45
639,SD,1,Dusty Johnson,R,True,1,81.8,1693504.0,699356.0,699356.0,100.0,46
640,TN,1,Diana Harshbarger,R,False,1,74.8,2126946.0,1869100.0,2004095.0,93.26404187426245,47
641,TN,1,Blair Nicole Walsingham,D,False,0,22.4,140209.0,134995.0,2004095.0,6.735958125737553,47
642,TN,2,Tim Burchett,R,True,1,67.7,1336276.0,878488.0,1695281.0,51.819609846391245,47
643,TN,2,Renee Hoyos,D,False,0,31.0,812784.0,816793.0,1695281.0,48.180390153608755,47
644,TN,3,Chuck Fleischmann,R,True,1,67.3,1051653.0,381411.0,459171.0,83.0651325976597,47
645,TN,3,Meg Gorman,D,False,0,30.5,85843.0,77760.0,459171.0,16.934867402340302,47
646,TN,4,Scott Desjarlais,R,True,1,66.7,331464.0,392499.0,695495.0,56.43448191575784,47
647,TN,4,Christopher Hale,D,False,0,33.3,308731.0,302996.0,695495.0,43.56551808424216,47
648,TN,5,Jim Cooper,D,True,1,100.0,936569.0,1332131.0,1332131.0,100.0,47
649,TN,6,John Rose,R,True,1,73.7,1050429.0,625688.0,625688.0,100.0,47
650,TN,7,Mark Green,R,True,1,69.9,1194960.0,935487.0,1143727.0,81.79285791102248,47
651,TN,7,Kiran Sreepada,D,False,0,27.3,206644.0,207191.0,1143727.0,18.115424397605373,47
652,TN,7,Ronald Brown,I,False,0,2.2,1750.0,0.0,1143727.0,0.0,47
653,TN,7,Scott Vieira Jr,I,False,0,0.6,655.0,1049.0,1143727.0,0.09171769137215437,47
654,TN,8,David Kustoff,R,True,1,68.5,1641217.0,999285.0,1015168.0,98.43543137687554,47
655,TN,8,Erika Stotts Pearson,D,False,0,29.5,19070.0,15883.0,1015168.0,1.5645686231244484,47
656,TN,9,Steve Cohen,D,True,1,77.4,607570.0,457311.0,567762.0,80.54625001320976,47
657,TN,9,Charlotte Bergmann,R,False,0,20.1,99147.0,100532.0,567762.0,17.706715137680927,47
658,TN,9,Dennis Clark,I,False,0,1.6,9991.0,9919.0,567762.0,1.74703484910931,47
659,TX,1,Louie Gohmert,R,True,1,72.6,552915.0,580441.0,1314852.0,44.14496840709069,48
660,TX,1,Hank Gilbert,D,False,0,27.4,968155.0,734411.0,1314852.0,55.85503159290932,48
661,TX,2,Dan Crenshaw,R,True,1,55.6,19427865.0,17596329.0,21421616.0,82.14286447857155,48
662,TX,2,Sima Ladjevardian,D,False,0,42.8,3832697.0,3825287.0,21421616.0,17.85713552142845,48
663,TX,3,Van Taylor,R,True,1,55.1,2655327.0,2825378.0,4460221.0,63.34614361037267,48
664,TX,3,Helane Seikaly,D,False,0,42.9,1635185.0,1634843.0,4460221.0,36.65385638962733,48
665,TX,4,Patrick Fallon,R,False,1,75.1,257174.0,95065.0,105660.0,89.97255347340526,48
666,TX,4,Tracy Shawn Jones,I,False,0,0.4,13002.0,10595.0,105660.0,10.027446526594739,48
667,TX,5,Lance Gooden,R,True,1,62.0,1610327.0,1311983.0,1601095.0,81.94285785665436,48
668,TX,5,Carolyn Salter,D,False,0,35.9,317848.0,289112.0,1601095.0,18.057142143345647,48
669,TX,6,Ron Wright,R,True,1,52.8,912134.0,907693.0,1585261.0,57.2582685122513,48
670,TX,6,Stephen Daniel,D,False,0,44.0,680402.0,677568.0,1585261.0,42.74173148774871,48
671,TX,7,Lizzie Fletcher,D,True,1,50.8,6265165.0,6246136.0,13546258.0,46.10967840712911,48
672,TX,7,Wesley Hunt,R,False,0,47.5,7524064.0,7300122.0,13546258.0,53.89032159287088,48
673,TX,8,Kevin Brady,R,True,1,72.5,3570477.0,3190447.0,3205428.0,99.5326365153109,48
674,TX,8,Elizabeth Hernandez,D,False,0,25.5,17227.0,14981.0,3205428.0,0.4673634846890961,48
675,TX,9,Al Green,D,True,1,75.5,460332.0,486155.0,574521.0,84.61918711413507,48
676,TX,9,Johnny Teague,R,False,0,21.6,89965.0,88366.0,574521.0,15.38081288586492,48
677,TX,10,Michael McCaul,R,True,1,52.5,3856477.0,3910930.0,6740695.0,58.01968491379598,48
678,TX,10,Mike Siegel,D,False,0,45.4,2873926.0,2829765.0,6740695.0,41.980315086204016,48
679,TX,11,August Pfluger,R,False,1,79.7,2578540.0,1984134.0,2119275.0,93.62324379799696,48
680,TX,11,Jon Mark Hogg,D,False,0,18.3,137730.0,135141.0,2119275.0,6.376756202003044,48
681,TX,12,Kay Granger,R,True,1,63.7,3161288.0,3271815.0,3370290.0,97.07814461070116,48
682,TX,12,Lisa Welch,D,False,0,33.0,98465.0,98475.0,3370290.0,2.9218553892988437,48
683,TX,13,Ronny Jackson,R,False,1,79.4,2128271.0,1741132.0,1759952.0,98.9306526541633,48
684,TX,13,Gus Trujillo,D,False,0,18.5,22826.0,18820.0,1759952.0,1.0693473458367047,48
685,TX,14,Randy Weber,R,True,1,61.6,936202.0,924659.0,1165593.0,79.3294915120458,48
686,TX,14,Adrienne Bell,D,False,0,38.4,244754.0,240934.0,1165593.0,20.6705084879542,48
687,TX,15,Vicente Gonzalez,D,True,1,50.5,1008381.0,657500.0,996332.0,65.99205887194228,48
688,TX,15,Monica De La Cruz,R,False,0,47.6,344893.0,338832.0,996332.0,34.007941128057716,48
689,TX,16,Veronica Escobar,D,True,1,64.7,1135549.0,1087693.0,1241364.0,87.62079454535495,48
690,TX,16,Irene Armendariz-Jackson,R,False,0,35.3,168997.0,153671.0,1241364.0,12.379205454645053,48
691,TX,17,Pete Sessions,R,False,1,55.9,1447958.0,1658637.0,1860733.0,89.13890386208016,48
692,TX,17,Rick Kennedy,D,False,0,40.9,200668.0,202096.0,1860733.0,10.86109613791984,48
693,TX,18,Sheila Jackson Lee,D,True,1,73.3,924480.0,838414.0,1109692.0,75.5537572587709,48
694,TX,18,Wendell Champion,R,False,0,23.5,305645.0,271278.0,1109692.0,24.4462427412291,48
695,TX,19,Jodey Arrington,R,True,1,74.8,2497184.0,1932700.0,1993506.0,96.94979598757165,48
696,TX,19,Tom Watson,D,False,0,22.9,49405.0,60806.0,1993506.0,3.050204012428355,48
697,TX,20,Joaquin Castro,D,True,1,64.7,674061.0,686934.0,927864.0,74.03391014200356,48
698,TX,20,Mauro Garza,R,False,0,33.1,263293.0,240930.0,927864.0,25.966089857996433,48
699,TX,21,Chip Roy,R,True,1,52.0,5005639.0,4679362.0,14881236.0,31.444713328919722,48
700,TX,21,Wendy Davis,D,False,0,45.4,10263486.0,10201874.0,14881236.0,68.55528667108027,48
701,TX,22,Sri Kulkarni,D,False,0,44.6,5639061.0,5630098.0,7417546.0,75.9024345787677,48
702,TX,22,Troy Nehls,R,False,1,51.5,1806655.0,1787448.0,7417546.0,24.097565421232307,48
703,TX,23,Gina Ortiz Jones,D,False,0,46.6,6755222.0,6842440.0,9606548.0,71.22683403028852,48
704,TX,23,Tony Gonzales,R,False,1,50.5,2797133.0,2764108.0,9606548.0,28.773165969711496,48
705,TX,24,Candace Valenzuela,D,False,0,47.5,4886999.0,4875031.0,8445347.0,57.72446058166704,48
706,TX,24,Beth Van Duyne,R,False,1,48.8,3410852.0,3342442.0,8445347.0,39.57731991355713,48
707,TX,24,Stephen Kuzmich,I,False,0,1.2,175504.0,201332.0,8445347.0,2.3839399375774613,48
708,TX,24,Mark Bauer,I,False,0,0.9,26342.0,26542.0,8445347.0,0.3142795671983638,48
709,TX,25,Roger Williams,R,True,1,55.9,2435121.0,3347267.0,5523586.0,60.599527191212374,48
710,TX,25,Julie Oliver,D,False,0,42.1,2190347.0,2176319.0,5523586.0,39.400472808787626,48
711,TX,26,Michael Burgess,R,True,1,60.6,1806588.0,2081391.0,2177328.0,95.59381958069707,48
712,TX,26,Carol Iannuzzi,D,False,0,37.3,95937.0,95937.0,2177328.0,4.406180419302926,48
713,TX,27,Michael Cloud,R,True,1,63.1,1014427.0,829748.0,1141844.0,72.66736962317094,48
714,TX,27,Ricardo De La Fuente,D,False,0,34.9,312096.0,312096.0,1141844.0,27.33263037682906,48
715,TX,28,Henry Cuellar,D,True,1,58.3,2655317.0,3650848.0,3678202.0,99.25632143096001,48
716,TX,28,Sandra Whitten,R,False,0,39.0,24760.0,27354.0,3678202.0,0.743678569039982,48
717,TX,29,Sylvia Garcia,D,True,1,71.1,818984.0,758382.0,758382.0,100.0,48
718,TX,29,Jaimy Blanco,R,False,0,27.4,4378.0,0.0,758382.0,0.0,48
719,TX,30,Eddie Bernice Johnson,D,True,1,77.5,589096.0,494547.0,799993.0,61.81891591551426,48
720,TX,30,Tre Pennie,R,False,0,18.4,311109.0,305446.0,799993.0,38.18108408448574,48
721,TX,31,John Carter,R,True,1,53.4,2160187.0,2214487.0,3249759.0,68.14311461249896,48
722,TX,31,Donna Imam,D,False,0,44.3,1035222.0,1035272.0,3249759.0,31.856885387501045,48
723,TX,32,Colin Allred,D,True,1,52.0,5667725.0,5611747.0,11538654.0,48.6343294460515,48
724,TX,32,Genevieve Collins,R,False,0,45.9,5923081.0,5915256.0,11538654.0,51.264696904855626,48
725,TX,32,Jason Sigmon,I,False,0,0.7,11791.0,11651.0,11538654.0,0.10097364909286646,48
726,TX,33,Marc Veasey,D,True,1,66.8,1621929.0,1613446.0,1639031.0,98.43901671170345,48
727,TX,33,Fabian Cordova Vasquez,R,False,0,25.2,36692.0,25585.0,1639031.0,1.5609832882965606,48
728,TX,34,Filemon Vela,D,True,1,55.4,983026.0,1024180.0,1061626.0,96.47276912961816,48
729,TX,34,Rey Gonzalez,R,False,0,41.8,37118.0,37446.0,1061626.0,3.5272308703818487,48
730,TX,35,Lloyd Doggett,D,True,1,65.4,1336576.0,424804.0,441878.0,96.1360375488257,48
731,TX,35,Jennifer Sharon,R,False,0,30.0,19011.0,14442.0,441878.0,3.268322930763695,48
732,TX,35,Jason Mata,I,False,0,1.9,2632.0,2632.0,441878.0,0.5956395204106111,48
733,TX,36,Brian Babin,R,True,1,73.6,1345351.0,1297185.0,1309463.0,99.06236373230858,48
734,TX,36,Brandon Rashad Lewis,D,False,0,24.3,21714.0,12278.0,1309463.0,0.9376362676914125,48
735,UT,1,Blake Moore,R,False,1,69.6,844377.0,816015.0,856919.0,95.22662001892827,49
736,UT,1,Darren Parry,D,False,0,30.5,41218.0,40904.0,856919.0,4.773379981071723,49
737,UT,2,Chris Stewart,R,True,1,59.0,835139.0,812462.0,1119334.0,72.584411802018,49
738,UT,2,John Kael Weston,D,False,0,36.6,344774.0,306872.0,1119334.0,27.415588197982014,49
739,UT,3,John Curtis,R,True,1,68.8,874311.0,687265.0,877465.0,78.32392175186475,49
740,UT,3,Devin Thorpe,D,False,0,26.8,191412.0,190200.0,877465.0,21.67607824813525,49
741,UT,4,Ben McAdams,D,True,0,46.7,5613542.0,5555591.0,10604737.0,52.387824422236974,49
742,UT,4,Burgess Owens,R,False,1,47.7,5129475.0,5049146.0,10604737.0,47.61217557776303,49
743,VT,1,Peter Welch,D,True,1,64.4,847320.0,865252.0,865252.0,100.0,50
744,VA,1,Rob Wittman,R,True,1,58.5,1969785.0,2140375.0,3699483.0,57.856057184206556,51
745,VA,1,Qasim Rashid,D,False,0,41.7,1559108.0,1559108.0,3699483.0,42.14394281579345,51
746,VA,2,Elaine Luria,D,True,1,51.6,6522276.0,6387474.0,8833884.0,72.30651885399446,51
747,VA,2,Scott Taylor,R,False,0,45.8,2452292.0,2446410.0,8833884.0,27.69348114600554,51
748,VA,3,Bobby Scott,D,True,1,68.4,873126.0,832419.0,997499.0,83.45060997554884,51
749,VA,3,John Collick,R,False,0,31.4,167146.0,165080.0,997499.0,16.549390024451153,51
750,VA,4,Donald McEachin,D,True,1,61.6,961412.0,963788.0,1487217.0,64.80479983754893,51
751,VA,4,Leon Benjamin,R,False,0,38.2,545354.0,523429.0,1487217.0,35.19520016245107,51
752,VA,5,Cameron Webb,D,False,0,47.3,5755917.0,5750924.0,7074454.0,81.29141839073377,51
753,VA,5,Bob Good,R,False,1,52.4,1373867.0,1323530.0,7074454.0,18.708581609266243,51
754,VA,6,Ben Cline,R,True,1,64.6,892955.0,672928.0,727133.0,92.54538028118652,51
755,VA,6,Nicholas Betts,D,False,0,35.3,56190.0,54205.0,727133.0,7.454619718813476,51
756,VA,7,Abigail Spanberger,D,True,1,50.8,8387680.0,7852213.0,11452321.0,68.5643809669673,51
757,VA,7,Nick Freitas,R,False,0,49.0,3629431.0,3600108.0,11452321.0,31.43561903303269,51
758,VA,8,Don Beyer,D,True,1,75.8,1729482.0,2071906.0,2167941.0,95.57022077630342,51
759,VA,8,Jeff Jordan,R,False,0,24.0,96035.0,96035.0,2167941.0,4.429779223696586,51
760,VA,9,Morgan Griffith,R,True,1,94.0,873612.0,463916.0,463916.0,100.0,51
761,VA,10,Jennifer Wexton,D,True,1,56.5,3855331.0,1772250.0,3185395.0,55.63674206809517,51
762,VA,10,Aliscia Andrews,R,False,0,43.4,1567598.0,1413145.0,3185395.0,44.36325793190484,51
763,VA,11,Gerry Connolly,D,True,1,71.4,1998592.0,1811776.0,2080102.0,87.10034411774038,51
764,VA,11,Manga Anantatmula,R,False,0,28.3,282152.0,268326.0,2080102.0,12.89965588225962,51
765,WA,1,Suzan DelBene,D,True,1,58.6,2182985.0,1897162.0,1959441.0,96.82159350549468,53
766,WA,1,Jeffrey Beeler,R,False,0,41.3,61970.0,62279.0,1959441.0,3.17840649450532,53
767,WA,2,Rick Larsen,D,True,1,63.2,1275127.0,1219489.0,1268811.0,96.11273861906935,53
768,WA,2,Tim Hazelo,R,False,0,36.6,49478.0,49322.0,1268811.0,3.887261380930651,53
769,WA,3,Jaime Herrera Beutler,R,True,1,56.4,4566383.0,4540148.0,8682833.0,52.28878639034057,53
770,WA,3,Carolyn Long,D,False,0,43.4,4130540.0,4142685.0,8682833.0,47.711213609659424,53
771,WA,4,Dan Newhouse,R,True,1,66.3,1173464.0,991174.0,1045401.0,94.81280389056448,53
772,WA,4,Doug McKinley,D,False,0,33.5,57666.0,54227.0,1045401.0,5.187196109435518,53
773,WA,5,Cathy McMorris Rodgers,R,True,1,60.9,4349448.0,3432572.0,3542208.0,96.90486837588307,53
774,WA,5,Dave Wilson,D,False,0,38.9,109636.0,109636.0,3542208.0,3.0951316241169353,53
775,WA,6,Derek Kilmer,D,True,1,59.4,2524026.0,2531111.0,2676219.0,94.57787273761976,53
776,WA,6,Elizabeth Kreiselmaier,R,False,0,40.4,156123.0,145108.0,2676219.0,5.422127262380246,53
777,WA,7,Pramila Jayapal,D,True,1,83.0,2630000.0,1530626.0,1534329.0,99.75865671573698,53
778,WA,7,Craig Keller,R,False,0,16.7,2904.0,3703.0,1534329.0,0.24134328426302312,53
779,WA,8,Kim Schrier,D,True,1,51.7,5422491.0,3774398.0,4616667.0,81.75590745444711,53
780,WA,8,Jesse Jensen,R,False,0,48.1,852396.0,842269.0,4616667.0,18.244092545552885,53
781,WA,9,Adam Smith,D,True,1,74.2,1324761.0,930710.0,949038.0,98.06878122899188,53
782,WA,9,Doug Basler,R,False,0,25.7,22536.0,18328.0,949038.0,1.9312187710081155,53
783,WA,10,Marilyn Strickland,D,False,1,49.6,1812659.0,1780633.0,3258311.0,54.64895769618063,53
784,WA,10,Beth Doglio,D,False,0,35.7,1477678.0,1477678.0,3258311.0,45.35104230381937,53
785,WV,1,David McKinley,R,True,1,69.0,1092609.0,1085864.0,1167745.0,92.98810956159093,54
786,WV,1,Natalie Ms. Cline,D,False,0,31.0,81032.0,81881.0,1167745.0,7.01189043840907,54
787,WV,2,Alex Mooney,R,True,1,63.1,2155978.0,864001.0,1505568.0,57.3870459520925,54
788,WV,2,Catherine Kunkel,D,False,0,36.9,641567.0,641567.0,1505568.0,42.6129540479075,54
789,WV,3,Carol Miller,R,True,1,71.3,869210.0,720796.0,819565.0,87.9486068829196,54
790,WV,3,Hilary Turner,D,False,0,28.7,99214.0,98769.0,819565.0,12.051393117080403,54
791,WI,1,Bryan Steil,R,True,1,59.4,3500849.0,3151701.0,3678132.0,85.68754465581986,55
792,WI,1,Roger Polack,D,False,0,40.7,536228.0,526431.0,3678132.0,14.312455344180144,55
793,WI,2,Mark Pocan,D,True,1,69.7,1290582.0,1014628.0,1048605.0,96.7597903881824,55
794,WI,2,Peter Theron,R,False,0,30.3,35753.0,33977.0,1048605.0,3.240209611817605,55
795,WI,3,Ron Kind,D,True,1,51.4,2989262.0,4435403.0,6384042.0,69.47640695346303,55
796,WI,3,Derrick Van Orden,R,False,0,48.6,1962443.0,1948639.0,6384042.0,30.523593046536973,55
797,WI,4,Gwen Moore,D,True,1,74.7,1183995.0,1166739.0,1166739.0,100.0,55
798,WI,5,Scott Fitzgerald,R,False,1,60.2,1155721.0,968406.0,1340205.0,72.25805007442891,55
799,WI,5,Tom Palzewicz,D,False,0,39.9,370392.0,371799.0,1340205.0,27.741949925571085,55
800,WI,6,Glenn Grothman,R,True,1,59.3,1815756.0,1736659.0,1982447.0,87.60178708434576,55
801,WI,6,Jessica King,D,False,0,40.7,287753.0,245788.0,1982447.0,12.39821291565424,55
802,WI,7,Tom Tiffany,R,True,1,60.8,2637459.0,2514740.0,3747430.0,67.10572312224645,55
803,WI,7,Tricia Zunker,D,False,0,39.2,1261957.0,1232690.0,3747430.0,32.894276877753555,55
804,WI,8,Mike Gallagher,R,True,1,64.0,3202905.0,2841801.0,3241717.0,87.66345118960108,55
805,WI,8,Amanda Stuck,D,False,0,36.0,416978.0,399916.0,3241717.0,12.336548810398934,55
806,WY,1,Liz Cheney,R,True,1,68.6,3003883.0,3060167.0,3192402.0,95.85782116412658,56
807,WY,1,Lynnette Grey Bull,D,False,0,24.6,134597.0,132235.0,3192402.0,4.142178835873427,56
